Chemical ID,Chemical Name,drug_name,level_3,level_2,level_1,drug_description
PA451234,repaglinide,瑞格列奈,,非磺酰脲类胰岛素促泌剂,降糖药,瑞格列奈是一种非磺酰脲类促胰岛素分泌药。该药与胰岛β细胞膜上的特异性受体结合，促进与受体偶联的ATP敏感性钾通道关闭，抑制钾离子从β细胞外流，同时钙通道开放，钙离子内流，促进胰岛素分泌。主要用于饮食控制及运动锻炼不能有效控制血糖的2型糖尿病患者。与二甲双胍联用具有协同控制血糖的作用。该药可模仿胰岛素的生理性分泌，餐后降血糖作用较快，对改善餐后高血糖非常有效。
PA451283,rosiglitazone,罗格列酮,,噻唑烷二酮类,降糖药,罗格列酮为过氧化物酶体增殖激活受体γ（PPAR－γ）的高选择性、强效激动剂。人类的PPAR受体存在于胰岛素的主要靶组织如肝脏、脂肪和肌肉组织中。罗格列酮激活PPAR－γ核受体，可对参与葡萄糖生成、转运和利用的胰岛素反应基因的转录进行调控。此外，PPAR－γ反应基因也参与脂肪酸代谢的调节。在临床研究中，空腹血糖（FPG）和HbA0c的检测结果表明，罗格列酮可改善血糖控制情况，同时伴有血胰岛素和C肽水平降低，也可使餐后血糖和胰岛素水平下降。
PA451799,troglitazone,曲格列酮,,噻唑烷二酮类,降糖药,曲格列酮是种用于治疗2型糖尿病的噻唑烷二酮类药物，可改善胰岛素抵抗，增加人体组织对胰岛素的敏感性，增强胰岛素的作用。其作用靶位是通过与核过氧化物酶体增殖体活化受体（涉及胰岛素-效应基因的转录和调节脂细胞分化和脂代谢）结合而降低胰岛素的抵抗性。其降糖作用强，不增加体重，也利于三酰甘油和胆固醇趋于正常，不良反应少，具“重磅炸弹”的潜力。
PA450395,metformin,二甲双胍,,双胍类,降糖药,二甲双胍为双胍类口服降血糖药。具有多种作用机制，包括延缓葡萄糖由胃肠道的摄取，通过提高胰岛素的敏感性而增加外周葡萄糖的利用，以及抑制肝、肾过度的糖原异生，不降低非糖尿病患者的血糖水平。二甲双胍片首选用单纯饮食控制及体育锻炼治疗无效的2型糖尿病，特别是肥胖的2型糖尿病。
PA164744571,insulin recombinant,重组胰岛素,,胰岛素类似物,降糖药,重组人胰岛素为白色或类白色的结晶性粉末，其注射为白色悬浮液。为利用重组DNA技术生产的人胰岛素，与天然胰岛素有相同的结构和功能。可调节糖代谢，促进肝脏、骨骼和脂肪组织对葡萄糖的摄取和利用，并抑制糖原异生，从而降低血糖。不良反应有局部红肿、瘙痒等过敏反应、局部皮下脂质增生，以及胰岛素过敏。
PA164712689,Dipeptidyl peptidase 4 (DPP-4) inhibitors,二肽基肽酶4抑制剂,,,降糖药,二肽基肽酶4抑制剂即DPP-4抑制剂，是一类治疗II型糖尿病的药物，该类药物能够抑制胰高血糖素样肽-1（GLP-1）和葡萄糖依赖性促胰岛素分泌多肽（GIP）的灭活，提高内源性GLP-1和GIP的水平，促进胰岛β细胞释放胰岛素，同时抑制胰岛α细胞分泌胰高血糖素，从而提高胰岛素水平，降低血糖，且不易诱发低血糖和增加体重。
PA450084,irbesartan,厄贝沙坦,,血管紧张素Ⅱ受体阻断剂,抗高血压药,厄贝沙坦为血管紧张素Ⅱ受体抑制剂，能特异性地拮抗血管紧张素转换酶1受体（AT1），对AT1的拮抗作用大于AT28500倍，通过选择性地阻断AngⅡ与AT1受体的结合，抑制血管收缩和醛固酮的释放，产生降压作用。本品不抑制血管紧张素转换酶（ACE）、肾素、其它激素受体，也不抑制与血压调节和钠平衡有关的离子通道。用于原发性高血压，合并高血压的2型糖尿病肾病的治疗。
PA448765,candesartan,坎地沙坦,,血管紧张素Ⅱ受体阻断剂,抗高血压药,坎地沙坦又名坎地沙坦酯C8中间体，为选择性血管紧张素Ⅱ受体（AT1）拮抗剂，通过与血管平滑肌AT1受体结合而拮抗血管紧张素Ⅱ的血管收缩作用，从而降低末梢血管阻力；可通过抑制肾上腺分泌醛固酮而发挥一定的降压作用；不抑制激肽酶Ⅱ，不影响缓激肽降解。本品用于治疗原发性高血压。本品可单独使用，也可与其它抗高血压药物联用。
PA450268,losartan,氯沙坦,,血管紧张素Ⅱ受体阻断剂,抗高血压药,氟沙坦是第一个血管紧张素Ⅱ受体拮抗剂（AIIA）类的抗高血压药物。氟沙坦能特异性的拮抗血管紧张素ⅡAT1受体，阻断了循环和局部组织中血管紧张素Ⅱ（AGⅡ） 所致的动脉血管收缩、交感神经兴奋和压力感受器敏感性增加等效应，强力和持续性降低血压，使收缩压和舒张压下降。尚可减轻左心室肥厚，抑制心肌细胞增生，延迟或逆转心肌重构，改善左室功能。对血糖、血脂代谢无不利影响。其还具有改善肾血流动力学作用，减轻肾血管阻力，选择性扩张出球小动脉，降低肾小球内压力，降低蛋白尿，增加肾血流量和肾小球滤过率，保护肾脏而延缓慢性肾功能不全的过程，特别对糖尿病肾病的恶化有逆转作用。
PA448561,benazepril,贝那普利,,血管紧张素转换酶抑制剂,抗高血压药,贝那普利是一个前体药物，在肝内水解成有活性的代谢产物贝那普利拉。后者是一种不含巯基的血管紧张素转换酶（ACE）抑制药，能抑制血管紧张素Ⅰ转换为血管紧张素Ⅱ，结果使血管阻力降低，醛固酮分泌减少，血浆肾素活肾素活性增高。也可抑制缓激肽的降解，降低血管阻力，使血压下降。心力衰竭时贝那普利能扩张动脉与静脉，降低周围血管阻力（后负荷）及肺毛细血管楔压（前负荷），从而改善心排血量，提高患者的运动耐量，因而可用于充血性心力衰竭的治疗。
PA452640,imidapril,咪达普利,,血管紧张素转换酶抑制剂,抗高血压药,咪达普利为血管紧张素转换酶（ACE）抑制剂。口服后，在体内转换成活性代谢物咪达普利拉，后者可抑制ACE的活性，阻止血管紧张素Ⅰ转换成血管紧张素Ⅱ，使外周血管舒张，降低血管阻力，产生降压作用。
PA450877,perindopril,培哚普利,,血管紧张素转换酶抑制剂,抗高血压药,培哚普利，通用名培哚普利片，商品名雅施达，通常为白色条状片。是一种强效和长效的血管紧张素转换酶抑制剂，可使外周血管阻力降低，而心输出量和心率不变。用于治疗各种高血压与充血性心力衰竭。常见不良反应有头痛、眩晕、恶心、和咳嗽等。儿童、孕妇、哺乳期妇女禁用。
PA449456,enalapril,依那普利,,血管紧张素转换酶抑制剂,抗高血压药,依那普利，别称苯酯丙脯酸，属于血管紧张素转换酶抑制剂。口服后在体内水解成依那普利拉，对血管紧张素转化酶起强烈抑制作用，降低血管紧张素Ⅱ的含量，造成全身血管舒张，血压下降，用于治疗高血压。副作用主要有头晕、嗜睡、恶心、咳嗽和蛋白尿等。儿童、孕妇、哺乳期妇女、肾功能严重受损者慎用。
PA451690,timolol,噻吗洛尔,,β肾上腺素受体阻滞剂,抗心律失常药,噻吗洛尔，别名噻吗心安，有片剂和滴眼液。为β肾上腺素受体阻滞剂，药效为普萘洛尔的8倍，但无选择性及膜稳定作用，无内在拟交感活性，无直接抑制心脏作用。此外，有明显的降低眼压的作用，可能是通过减少房水生成所致。临床用于治疗高血压病、心绞痛、心动过速及青光眼。对轻、中度高血压疗效较好，且无明显副作用。
PA448499,atenolol,阿替洛尔,,β受体阻滞剂,抗心律失常药,阿替洛尔，是一种适用于各种原因所致的中、轻度高血压病，包括老年高血压病和妊娠期高血压的选择性β1肾上腺素受体阻滞药。为心脏选择性β-受体阻断剂，无膜稳定作用，无内源性拟交感活性，能降低血浆肾素活肾素活性及AGⅡ水平。无心肌抑制作用，经睫状肌扩散入睫状上皮，使房水产生减少，眼压下降。。一般用于窦性心动过速及早搏等，也可用于高血压、心绞痛及青光眼。阿替洛尔对β1受体有选择性阻断作用，对支气管平滑肌β2受体亲和力较低。较小剂量即能明显降低动物心率、心收缩力与心排血量，使血压下降。
PA448641,bisoprolol,比索洛尔,,β受体阻滞剂,抗心律失常药,比索洛尔是一种β受体阻滞剂（beta-blocker），它可以有选择性的通过阻断肾上腺素（adrenalin）与β1受体的连接来发挥作用，而不对β2受体产生影响，是一个对心脏β1-受体具有高度亲和力和选择性的β1-阻滞剂，它的β1-选择性高于阿替洛尔、美托洛尔等心脏选择性β-阻滞剂。在治疗剂量范围内无细胞膜稳定作用。临床上用于治疗高血压，可单独使用或与其他抗高血压药合用、充血性心力衰竭。
PA448817,carvedilol,卡维地洛,,β受体阻滞剂,抗心律失常药,卡维地洛为为α、β受体阻断剂，阻断受体的同时具有舒张血管作用用于治疗轻度及中度高血压或伴有肾功能不全、糖尿病的高血压患者。卡维地洛在治疗剂量范围内，兼有α1和非选择性β受体阻滞作用，无内在拟交感活性。该品阻滞突触后膜α1受体，从而扩张血管、降低外周血管阻力；阻滞β受体，抑制肾脏分泌肾素，阻断肾素-血管紧张素-醛固酮系统，产生降压作用。卡维地洛降压迅速，可长时间维持降压作用。
PA450480,metoprolol,美托洛尔,,β受体阻滞剂,抗心律失常药,美托洛尔，用于治疗各型高血压（可与利尿药和血管扩张剂合用），也用于劳力性心绞痛、心肌梗死后的Ⅱ级预防、心律失常等。口服吸收迅速而完全，静脉注射对心律失常、特别是室上性心律失常也有效。美托洛尔作用与阿替洛尔相似，对β1受体有选择性阻断作用，对β2受体阻断作用很弱。
PA165945764,bucindolol,布新洛尔,,β受体阻滞剂,抗心律失常药,布新洛尔为吲哚类衍生物，具有β受体阻滞作用，具有明显松弛平滑肌、扩张血管、降低血压的作用。布新洛尔可明显增加心肌收缩，对比巴比妥，布新洛尔亦有增强右室收缩力和左室最大搏出量的作用。
PA451457,sotalol,索他洛尔,,β受体阻滞剂,抗心律失常药,索他洛尔，商品名为心得怡、施太可，白色片剂，为一种β-受体阻断剂。主要适用于心律失常，尤其是威胁生命的室性快速型心律紊乱，以及心绞痛、高血压等。不良反应有呼吸困难、疲劳、眩晕、视力障碍、心动过缓和低血压，通常药量减少后便会消失。支气管哮喘、慢性阻塞性气道疾病，和心源性休克患者慎用。
PA448388,amlodipine,氨氯地平,,钙通道阻滞剂,抗心律失常药,氨氯地平是一种钙离子拮抗药，可用于治疗各种类型高血压（单独或与其他药物合并使用）和心绞痛，尤其自发性心绞痛（单独或与其他药物合并使用）。氨氯地平的作用是通过松弛在动脉壁的平滑肌，降低总外周阻力从而降低血压；在心绞痛时，氨氯地平增加血液流向心肌。氨氯地平对肾脏有一定的保护作用。
PA450631,nifedipine,硝苯地平,,钙通道阻滞剂,抗心律失常药,硝苯地平是第一代钙拮抗剂，该药起效快，经多年临床使用，其疗效得到肯定。其扩张冠状动脉和周围动脉作用较强，抑制血管痉挛效果显著，是变异型心绞痛的首选药物，临床适用于预防和治疗冠心病心绞痛，以及各种类型的高血压，对顽固性、重度高血压也有较好疗效。不良反应发生频率较高，易于耐受，常见的不良反应为头晕、头痛，其次有发热、足部水肿等。
PA451868,verapamil,维拉帕米,,钙通道阻滞剂,抗心律失常药,维拉帕米为钙通道阻滞剂（钙拮抗剂）。由于抑制钙内流可降低心脏舒张期自动去极化速率，而使窦房结的发放冲动减慢，也可减慢传导。可减慢前向传导， 因而可以消除房室结折返。对外周血管有扩张作用，使血压下降，但较弱，一般可引起心率减慢，但也可因血压下降而反射性心率加快。对冠状动脉有舒张作用，可 增加冠脉流量，改善心肌供氧，此外，它尚有抑制血小板聚集作用。
PA448383,amiodarone,胺碘酮,,延长动作电位时程药,抗心律失常药,胺碘酮属Ⅲ类抗心律失常药。具有轻度非竞争性的α及β肾上腺素受体阻滞剂。且具轻度Ⅰ及Ⅳ类抗心律失常药性质。主要电生理效应是延长各部心肌组织的动作电位及有效不应期，有利于消除折返激动。抑制心房及心肌传导纤维的快钠离子内流，减慢传导速度。减低窦房结自律性。对静息膜电位及动作电位高度无影响。对房室旁路前向传导的抑制大于逆向。由于复极过度延长，心电图有Q-T间期延长及T波改变。静注有轻度负性肌力作用， 但通常不抑制左室功能。对冠状动脉及周围血管有直接扩张作用。可影响甲状腺素代谢。
PA451209,quinidine,奎尼丁,,,抗心律失常药,奎尼丁，别名异奎宁，是一种白色至淡黄色晶体粉末的化学品（生物碱）。奎尼丁临床上主要用于心房颤动或心房扑动经电转复后的维持治疗，口服适用于房性早搏、心房颤动、阵发性室上性心动过速，预激综合征合并室上心律失常，室性早搏、室性心动过速及颤动或心房扑动经电转复后的维持治疗；肌注及静注已不用。
PA451483,spironolactone,螺内酯,,保钾利尿剂,利尿剂,螺内酯（安体舒通）是类固醇利尿药，是作用强烈的内源性盐类皮质激素醛固酮，通过在肾远曲小管和集合管的上皮细胞内竞争醛固酮受体，使钾离子、钠离子的交换降低，促进钠离子和氯离子的排出而产生利尿作用。因钾离子排出减少故为保钾利尿药。该药利尿作用较弱，连续用药一段时间后，其利尿效果逐渐减弱。安体舒通同时具有抗雄激素活性的作用。临床主要用于治疗与醛固酮升高有关的顽固性水肿，如肝硬化腹水、肾病综合征和顽固性心衰等。
PA449899,hydrochlorothiazide,氢氯噻嗪,,噻嗪类利尿剂,利尿剂,氢氯噻嗪是利尿药，抗高血压药。通过抑制肾小管髓袢升支皮质部对钠、氯离子的再吸收，促进氯、钠、钾离子的排泄，而产生利尿作用。主要用于治疗各种原因所致水肿，如心、肝、肾等疾病所致的水肿和腹水及高血压等。主要影响水盐代谢，导致低血钾症及过敏反应等。氢氯噻嗪还能抑制磷酸二酯酶活性，减少肾小管对脂肪酸的摄取和线粒体氧耗，从而抑制肾小管对钠离子、氯离子的主动重吸收。
PA449594,fenofibrate,非诺贝特,,贝丁酸类,调节血脂,非诺贝特为第三代苯氧乙酸类调血脂药物，药理作用类同于氯贝丁酯，但其降脂作用强，可以通过激活核受体，如过氧化物酶激活型增殖体受体（peroxisome proliferator～activated receptor，PPAR），增加Apo AⅠ、Apo AⅡ及脂蛋白脂酶（LPL）的基因表达，减少Apo CⅢ的基因表达，从而增加血中Apo AⅠ、Apo AⅡ、HDL和LPL的浓度，降低血中Apo c Ⅲ的浓度，加速乳糜微粒及VLDL降解，降低TG和LDL水平，有利于防止动脉粥样硬化病变的发生与发展。长期应用毒性小，无蓄积作用，不与DNA结合，无致基因突变作用。
PA448500,atorvastatin,阿托伐他汀,他汀类,羟甲基戊二酰辅酶A还原酶抑制剂,调节血脂,阿托伐他汀为HMG-CoA还原酶选择性抑制剂，通过抑制HMG-CoA还原酶和胆固醇在肝脏的生物合成，降低血浆胆固醇和脂蛋白水平。阿托伐他汀为一线降脂药，在临床应用较为广泛，它不良反应较轻，耐受性较好，但要注意它存在肌肉毒性，特别是可能导致横纹肌溶解症，使用时一定要仔细权衡联合用药的风险-收益比，以减少和避免发生有害相互作用，保障用药安全有效。
PA449688,fluvastatin,氟伐他汀,他汀类,羟甲基戊二酰辅酶A还原酶抑制剂,调节血脂,"氟伐他汀是第一个全化学合成的降胆固醇药物，为羟甲戊二酰辅酶A（HMG-CoA）还原酶抑制剂，可将HMG-CoA转化为3-甲基-3, 5-二羟戊酸。本品的作用部位在肝脏，具有抑制内源性胆固醇的合成，降低肝细胞内胆固醇的含量，刺激低密度脂蛋白（LDL）受体的合成，提高LDL微粒的摄取，降低血浆总胆固醇浓度的作用。适用于饮食治疗未能完全控制的原发性高胆固醇血症和原发性混合型血脂异常。"
PA134308647,rosuvastatin,罗苏伐他汀,他汀类,羟甲基戊二酰辅酶A还原酶抑制剂,调节血脂,罗苏伐他汀是HMG辅酶A还原酶抑制剂，罗苏伐他汀对羟甲戊二酰辅酶A（HMG-CoA）还原酶有较高的亲和力，通过竞争HMG-CoA还原酶，从而减少胆固醇生物合成，引起血液中胆固醇的清除增加。罗苏伐他汀能够降低总胆固醇（TC）、低密度脂蛋白胆固醇（LDL-C）、三酰甘油，使血管内胆固醇浓度降低，并增加高密度脂蛋白胆固醇（HDL-C）。
PA450272,lovastatin,洛伐他汀,他汀类,羟甲基戊二酰辅酶A还原酶抑制剂,调节血脂,洛伐他汀在体内竞争性地抑制胆固醇合成过程中的限速酶羟甲戊二酰辅酶A还原酶，使胆固醇的合成减少，也使低密度脂蛋白受体合成增加，主要作用部位在肝脏，结果使血胆固醇和低密度脂蛋白胆固醇水平降低，由此对动脉粥样硬化和冠心病的防治产生作用。
PA142650384,pitavastatin,匹伐他汀,他汀类,羟甲基戊二酰辅酶A还原酶抑制剂,调节血脂,匹伐他汀对羟甲戊二酰辅酶A（HMG-CoA）还原酶有强力拮抗抑制作用，能够高效抑制人肝细胞HepG2中生成胆固醇的过程，从而阻碍胆固醇的合成。匹伐他汀能在超低浓度下诱导低密度脂蛋白（LDL）受体mRNA的合成，使其数量增加，导致LDL受体密度增大，从而促进LDL的清除，使血浆LDL-C浓度及血浆总甘油三酯浓度降低。
PA451089,pravastatin,普伐他汀,他汀类,羟甲基戊二酰辅酶A还原酶抑制剂,调节血脂,普伐他汀为调血脂药，通过两方面发挥其降脂作用，第一为可逆性抑制HMG-CoA还原酶活性使细胞内胆固醇的量有一定程度的降低，导致细胞表面的低密度脂蛋白（LDL）受体数的增加，从而加强了由受体介导的LDL-C的分解代谢和血液中LDL-C的清除。第二，通过抑制LDL-C的前体-极低密度脂蛋白（VLDL-C）在肝脏中的合成从而抑制LDL-C的生成。临床上主要用于饮食限制仍不能控制的原发性高胆固醇血症或合并有高甘油三酯血症患者（IIa和IIb型）。
PA448897,cerivastatin,西立伐他汀,他汀类,羟甲基戊二酰辅酶A还原酶抑制剂,调节血脂,西立伐他汀，主治饮食控制效果不足的原发性高胆固醇血症（Ⅱa型）、混合高脂血症、高胆固醇症及高甘油三脂血症（Ⅱb型）。西立伐他汀是一种合成的纯映像体羟甲基戊二酸辅酶A还原酶抑制剂，是胆固醇合成的竞争性抑制剂，通过降低细胞内胆固醇含量，上调肝细胞表面低密度脂蛋白（LDL）受体水平，增加低密度脂蛋白胆固醇的清除，从而导致血清中总胆固醇及低密度脂蛋白胆固醇降低。但是本品具有不良反应，如致命的横纹肌溶解症。
PA451363,simvastatin,辛伐他汀,他汀类,羟甲基戊二酰辅酶A还原酶抑制剂,调节血脂,辛伐他汀是他汀类的降血脂药物，用于控制血液中胆固醇的含量以及预防心血管疾病。文献资料表明，辛伐他汀有降低高脂血症家族血清、肝脏、主动脉中总胆固醇（TC）含量，降低极低密度脂蛋白胆固醇（VLDL-C）和低密度脂蛋白胆固醇（LDL-C）水平的作用。此外辛伐他汀还具有抗炎，调控免疫，降低老年痴呆风险，减少蛋白尿以减缓肾脏疾病进展的作用。
PA450921,phenprocoumon,苯丙香豆素,,维生素K拮抗剂,抗凝血药,苯丙香豆素是长效口服抗凝血药，香豆素衍生物。苯丙香豆素是4-羟基香豆素，抑制维生素K氧化还原酶，是维生素K拮抗剂，通过阻断合成凝血因子II、VII、IX和X而抑制凝血。它用来预防和治疗血栓栓塞性疾病（血栓/肺栓塞），如治疗血栓栓塞性静脉炎，降低肺栓塞的发病率和死亡率，减少外科大手术、风湿性心脏病、髋关节固定术、人工置换心脏瓣膜手术等造成的静脉血栓发生率。该药也是心肌梗塞的一种辅助用药。
PA452632,acenocoumarol,醋硝香豆素,,维生素K拮抗剂,抗凝血药,肝脏合成凝血因子需要氢醌型维生素K参与，醋硝香豆醇与维生素K结构相似，可以竞争性阻止氢醌型维生素K生成，从而阻止凝血因子的合成而产生抗凝作用。该药对已经存在的凝血因子无影响，故给药后，需要等体内存在的凝血因子消耗之后才能发挥作用，所以该药起效慢。停药后需新的凝血因子生成后才能恢复凝血功能，故该药的药效持续时间长。该药主要用于预防血栓性疾病，该药的不良反应主要是剂量过量会引起出血。
PA451906,warfarin,华法林,,维生素K拮抗剂,抗凝血药,华法林是一种双香豆素类口服抗凝血药，在体内有对抗维生素K的作用，可以抑制维生素K参与的凝血因子Ⅱ、Ⅶ、Ⅸ、Ⅹ的在肝脏的合成，是治疗深静脉血栓、心房纤颤、心脏瓣膜置换及肺栓塞等血栓性疾病的一线药物，在全世界应用非常广泛。对血液中已有的凝血因子Ⅱ、Ⅶ、Ⅸ、Ⅹ并无抵抗作用。因此，不能作为体外抗凝药使用，体内抗凝也须有活性的凝血因子消耗后才能有效，起效后作用和维持时间亦较长。
PA165110351,Dabigatran,达比加群酯,,直接凝血酶抑制剂,抗凝血药,达比加群酯是一种新型的合成的直接凝血酶抑制剂，是dabigatran的前体药物，属非肽类的凝血酶抑制剂。口服经胃肠吸收后，在体内转化为具有直接抗凝血活性的dabigatran。dabigatran结合于凝血酶的纤维蛋白特异结合位点，阻止纤维蛋白原裂解为纤维蛋白，从而阻断了凝血瀑布网络的最后步骤及血栓形成。dabigatran可以从纤维蛋白一凝血酶结合体上解离，发挥可逆的抗凝作用。
PA165374673,ticagrelor,替格瑞洛,,二磷酸腺苷P2Y12受体阻断剂,抗血小板药,替格瑞洛，商品名为倍林达，是一种新型的血小板聚集抑制剂，属于环戊基三唑嘧啶类（CPTP）口服抗血小板药物。替格瑞洛为非前体药，无须经肝脏代谢激活即可直接起效，用于急性冠脉综合征，可降低血栓性心血管事件的发生率，通常可与阿司匹林联合用药。消化性溃疡、颅内出血、中/重度肝脏损害患者慎用。常见不良反应为呼吸困难、头晕和鼻出血。
PA449053,clopidogrel,氯吡格雷,,二磷酸腺苷P2Y12受体阻断剂,抗血小板药,氯吡格雷是一种新型的拮抗血小板聚集的药物，属于噻吩并吡啶类化合物。其疗效明显，广泛应用于急性冠脉综合征和经皮冠状动脉介入治疗的抗血小板治疗。相较其他抗血小板药物，氯吡格雷起效快、作用强、耐受性好、不良反应少。临床用于治疗动脉粥样硬化、急性冠脉综合征、预防冠脉内支架植入术后再狭窄和血栓性并发症等。
PA164713217,Pyrazolones,吡唑酮类,吡唑酮类,非甾体类抗炎药,解热镇痛抗炎药,吡唑酮类药物是安替比林的衍生物，毒性较大，治疗剂量即可引起严重粒细胞减少。这类药物包括氨基比林、安乃近、保太松、羟基保太松等。氨基比林已被淘汰，临床上仅用其与其他药配合成的复方制剂，如索米痛片（去痛片）、脑宁片、安痛定片等。
PA451565,sulindac,舒林酸,芳基乙酸类,非甾体类抗炎药,解热镇痛抗炎药,舒林酸结构与吲哚美辛相似，是活性极小的前体药，进入人体后代谢为硫化物。该硫化物具有抑制环氧化酶，减少前列腺素合成的活性，具有消炎、镇痛、解热的作用，对环氧化酶的抑制作用较舒林酸强500倍。本药的抗炎作用为阿司匹林的16倍，吲哚美辛的2倍。镇痛作用是布洛芬的10倍，但解热作用比布洛芬弱。本药的另一个特点是对肾脏的生理性前列腺素抑制不明显，因此对肾血流量和肾功能的影响较小，故更适用于老年人和肾血流量潜在不足者。
PA449293,diclofenac,双氯芬酸,芳基乙酸类,非甾体类抗炎药,解热镇痛抗炎药,双氯芬酸，是白色结晶性粉末，为环氧酶抑制剂，是众多解热镇痛药当中的一种。适用于各种程度疼痛、类风湿性关节炎、粘连性脊椎炎、非炎性关节痛、椎关节炎等引起的疼痛，也可用于感冒等治疗，单用或复方制剂，比如氯芬黄敏片。不良反应主要有肝功能异常，胃肠道反应等。胃肠道出血者，妊娠妇女和计划怀孕的妇女慎用。
PA448497,aspirin,阿司匹林,水杨酸类,非甾体类抗炎药,解热镇痛抗炎药,阿司匹林是常见的非甾体抗炎药，属于非选择性环氧酶抑制剂，具有解热镇痛抗炎作用。其机制是抑制合成前列腺素（PG）所必需的环氧酶（COX），干扰PG合成。阿司匹林常用于缓解头痛、牙痛、肌肉痛、神经痛和感冒发热等，也用于抗风湿。另外阿司匹林也可以减少血栓素的形成，从而具有抗血栓形成的作用，常常用于心血管疾病的预防。阿司匹林短期或小剂量服用不良反应少，长期大量应用治疗风湿病则不良反应大。
PA448871,celecoxib,塞来昔布,选择性环氧化酶-2抑制剂,非甾体类抗炎药,解热镇痛抗炎药,塞来昔布，别名西乐葆，为口服硬胶囊。是一种新一代的化合物，通过特异性抑制环氧化酶COX-2，进而阻止炎性前列腺素类物质的产生，达到抗炎、镇痛及退热作用。适用症为急性期或慢性期骨关节炎，以及类风湿关节炎。不良反应主要有头痛、便秘、腹泻、消化不良、和呕吐等。
PA448015,acetaminophen,对乙酰氨基酚,乙酰苯胺类,非甾体类抗炎药,解热镇痛抗炎药,对乙酰氨基酚通常为白色结晶性粉末，有解热镇痛作用，用于感冒发烧、关节痛、神经痛、偏头痛、癌痛及手术后止痛等。对乙酰氨基酚是非那西丁在体内的代谢产生，其抑制中枢神经系统前列腺素合成的作用与阿司匹林相似，但抑制外周前列腺素合成作用弱，故解热镇痛作用强，抗风湿作用弱，对血小板凝血机制无影响。
PA449088,codeine,可待因,,阿片类镇痛药,镇痛药,可待因，可用于治疗各种原因引起的剧烈干咳和刺激性咳嗽，尤适用于伴有胸痛的剧烈干咳。由于可待因能抑制呼吸道腺体分泌和纤毛运动，故对有少量痰液的剧烈咳嗽，应与祛痰药并用。可用于中等度疼痛的镇痛、局部麻醉或全身麻醉时的辅助用药，具有镇静作用。
PA450550,morphine,吗啡,,阿片类镇痛药,镇痛药,1806年德国化学家泽尔蒂纳首次将其从鸦片中分离出来，并使用希腊梦神Morpheus的名字将其命名为吗啡。其衍生物盐酸吗啡是临床上常用的麻醉剂，有极强的镇痛作用，而且它的镇痛作用有较好的选择性，多用于创伤、手术、烧伤等引起的剧痛，也用于心肌梗死引起的心绞痛，还可作为镇痛、镇咳和止泻剂；吗啡的二乙酸酯又被称为海洛因。但其最大缺点是易成瘾。
PA448685,buprenorphine,丁丙诺啡,,阿片类镇痛药,镇痛药,丁丙诺啡为阿片受体部分激动剂。镇痛作用强于哌替啶。起效慢，持续时间长。对呼吸有抑制作用，但临床未见严重呼吸抑制发生。药物依赖性近似吗啡。注射后吸收好，可通过胎盘及血脑屏障，在肝中代谢，由胆汁、粪便排泄。主用于各种术后止痛，癌性痛、烧伤、肢体痛、心绞痛等。作用持续时间6～8小时。
PA449900,hydrocodone,二氢可待因酮,,半合成阿片类镇痛药,镇痛药,二氢可待因酮（Hydrocodone），别名氢可酮，是一种菲衍生物，为阿片类止痛剂。常用制剂为酒石酸盐氢可酮，强效中枢性镇咳药，主要用于缓解刺激性咳嗽。该药常与对乙酰氨基酚合用来缓解中、重度疼痛。不良反应有：恶心，呕吐，便秘，嗜睡，意识混乱，中枢神经系统异常，心血管疾病，口干，出汗，脸红，性欲降低，瞳孔缩小，惊厥。
PA452619,heroin,海洛因,,半合成阿片类镇痛药,镇痛药,海洛因，是一系列吗啡类毒品总称，是以吗啡生物碱作为合成起点得到的半合成毒品，俗称白粉、白面，是阿片毒品系列中的精制品。最初的海洛因曾被用做戒除吗啡毒瘾的药物，后来发现它具有比吗啡更强的药物依赖性，即成瘾性更强。而且其成瘾性是阿片类药物中发病最高、危害最大的一种，研究认为这是以强迫性连续用药、高复发率为主要特征的一种慢性复发性脑部疾病，机制极其复杂。
PA164744326,pentazocine,喷他佐辛,,合成阿片类镇痛药,镇痛药,喷他佐辛是第一个临床应用的阿片受体激动/拮抗型镇痛剂，能提供包括吗啡、杜冷丁等阿片样药物相接近的镇痛作用。胃肠外给药产生快速强烈的镇痛作用，起作用时间比吗啡、杜冷丁短。中枢抑制作用轻，特别是在呼吸抑制和恶心呕吐方面都比其他阿片样药物轻；没有低血压反应；药物依赖性比其他阿片样药物小；不影响情绪；半衰期适中，其适宜的半衰期适用于各种手术，手术后遗作用迅速消除；可肌注、皮下、静脉、泵入等多种途径给药。
PA450401,methadone,美沙酮,,合成阿片类镇痛药,镇痛药,盐酸美沙酮（简称美沙酮）为μ阿片受体激动剂，药效与吗啡类似，具有镇痛作用，并可产生呼吸抑制、缩瞳、镇静等作用。与吗啡比较，具有作用时间较长、不易产生耐受性、药物依赖性低的特点，是二战期间德国合成的替代吗啡的麻醉性镇痛药。20世纪60年代初期发现此药具有治疗海洛因依赖脱毒和替代维持治疗的药效作用。
PA449599,fentanyl,芬太尼,,合成阿片类镇痛药,镇痛药,芬太尼为阿片受体激动剂，属强效麻醉性镇痛药，药理作用与吗啡类似。适用于各种疼痛及外科、妇科等手术后和手术过程中的镇痛；也用于防止或减轻手术后出现的谵妄；还可与麻醉药合用，作为麻醉辅助用药；与氟哌利多配伍制成“安定镇痛剂”，用于大面积换药及进行小手术的镇痛。
PA450369,meperidine,哌替啶,,合成阿片类镇痛药,镇痛药,杜冷丁，即盐酸哌替啶，为人工合成的阿片受体激动剂，属于苯基哌啶衍生物，是一种临床应用的合成镇痛药，为白色结晶性粉末，味微苦，无臭，其作用和机理与吗啡相似，但镇静、麻醉作用较小，仅相当于吗啡的1/10—1/8。长期使用会产生依赖性，被列为严格管制的麻醉药品。
PA448084,alfentanil,阿芬太尼,,合成阿片类镇痛药,镇痛药,阿芬太尼为阿片受体激动剂，为超短时强效镇痛药，其起效快，作用时间短。注射后1min镇痛作用最大，对呼吸频率和经肺泡供氧的抑制作用一般只持续数min。对心血管的作用与芬太尼相似。主要用于麻醉诱导及麻醉时止痛，心脏冠状动脉血管旁路术的麻醉。
PA451735,tramadol,曲马多,,合成阿片类镇痛药,镇痛药,曲马多，为阿片类中枢性镇痛药，可与阿片受体结合，但其亲和力很弱，对μ受体的亲和力相当于吗啡的1/6000，对κ和δ受体的亲和力仅为μ受体的1/25。该药是人工合成的，作用于μ-阿片类受体以及去甲肾上腺素和血清张力素系统。曲马多可用于治疗中等至严重的疼痛。有研究表明，曲马多对去甲肾上腺素和血清张力素系统的作用以及减轻痛感的作用，可以减轻抑郁症和焦虑症的痛苦。
PA450586,naloxone,纳洛酮,,吗啡受体桔抗剂,镇痛药,纳洛酮为吗啡受体拮抗剂，口服无效，注射给药起效很快。其结构类似吗啡，为有效的类阿片拮抗剂，通过竞争阿片受体发挥作用，主要用于阿片类药物过量中毒或用于阿片药成瘾的诊断。还用于吗啡类复合麻醉药术后，解除呼吸抑制及催醒。常见不良反应有口干、恶心、呕吐、和血压升高等。
PA162565877,amisulpride,氨磺必利,苯酰胺类,典型抗精神病药物,抗精神疾病药物,氨磺必利为苯酰胺类抗精神病药。是中枢多巴胺（D2，D3，D4）受体的选择性拮抗剂具有较强的抗精神病作用和止吐作用，还有精神振奋作用。对淡漠、退缩、木僵、抑郁、幻觉、妄想等症状有较好疗效，但无明显镇静作用及抗躁狂作用。
PA449841,haloperidol,氟哌啶醇,丁酰苯类,典型抗精神病药物,抗精神疾病药物,氟哌啶醇为丁酰苯类抗精神病药的主要代表，作用与氯丙嗪相似，有较强的多巴胺受体拮抗作用。在等同剂量时，其拮抗多巴胺受体的作用为氯丙嗪的20〜40倍，因此属于强效低剂量的抗精神病药。特点为：抗焦虑症、抗精神病作用强而久，对精神分裂症与其他精神病的躁狂症状都有效。镇吐作用亦较强，但镇静作用弱。降温作用不明显。抗胆碱及抗NA的作用较弱，心血管系统不良反应较少。
PA451666,thioridazine,硫达利嗪,吩噻嗪类,典型抗精神病药物,抗精神疾病药物,硫利达嗪为吩噻嗪类含哌啶侧链的化合物，抗精神病作用与氯丙嗪相似，镇静、嗜睡作用也较少见，无明显催吐和降压作用。其锥体外系反应和心动过速等不良反应比氯丙嗪少见。本品口服吸收良好，体内代谢产物有抗精神病作用。常用于精神分裂症、躁狂症，也可用于治疗抑郁症、更年期综合征、癫痫性精神病、老年性精神病、舞蹈病。
PA450243,lithium,锂类药物,,抗躁狂,抗精神疾病药物,锂能改善造血功能，提高人体免疫机能；对中枢神经活动有调节作用，能镇静、安神，控制神经紊乱；可置换替代钠，防治心血管疾病。锂类药物中锂主要是以锂盐的形式存在，作为心神安定的药剂，主要用来治疗躁郁症，还可改善精神分裂症的情感障碍；可抑制去甲肾上腺素能和多巴胺能神经末梢递质释放，增加突触前膜对递质的再摄取，使突触后膜受体敏感性降低，增加脑内5-羟色胺合成。
PA451791,trimipramine,三甲丙咪嗪,三环类,,抗精神疾病药物,三甲丙咪嗪，别名曲米帕明，是一种白色或类白色结晶粉末，属于抗精神失常药。临床上用于治疗各种类型的抑郁症、精神分裂症的抑郁状态和焦虑症，也可用于缓解多种慢性神经痛。不良反应有口干、嗜睡、便秘、视物模糊、和心动过速等。有癫痫病史者、青光眼患者禁用。老年人、儿童、妊娠及哺乳期妇女慎用。
PA450267,lorazepam,劳拉西泮,苯二氮卓类,,抗精神疾病药物,劳拉西泮用于镇静、抗焦虑、催眠、镇吐等。其作用与地西泮相似，但抗焦虑作用较地西泮强。诱导入睡作用明显，口服吸收良好、迅速。临床可用于焦虑症、肌骼肌痉挛及失眠症等。
PA451257,risperidone,利培酮,苯异恶唑类,,抗精神疾病药物,利培酮是一种非典型抗精神病药，是高选择性的5-HT2/DA2受体平衡拮抗剂。其对多巴胺D2受体的阻断作用很强，可以控制幻觉、妄想等神经分裂症状的阳性症状；对5-HT2受体有一定的阻断作用，可改善思维缺乏、感情淡漠等精神分裂症的阴性症状。该药对精神分裂症患者的认知功能障碍和继发性抑郁也有治疗作用，已经成为治疗精神分裂症的一线药物。该药常见的不良反应有失眠、焦虑、头痛、口干、注意力下降等。
PA451974,ziprasidone,齐拉西酮,苯异硫唑类,,抗精神疾病药物,齐拉西酮，别名齐哌西酮、噻帕西酮，为黄褐色固体。为新的非典型抗精神病药，可能通过对多巴胺和5-羟色胺的拮抗作用，进而发挥抗精神分裂症的作用。适用于治疗精神分裂症，以及强迫性神经症。常见的不良反应有头痛、嗜睡、便秘、和消化不良等。肝功能不全患者、心脑血管病史、低血压，以及癫痫患者慎用。
PA450688,olanzapine,奥氮平,二苯二氮卓类,,抗精神疾病药物,奥氮平是一种非典型精神病药物，能阻断5-羟色胺（5-HT）受体、多巴胺受体和胆碱受体，可以选择性减少中脑-边缘系统多巴胺能神经元的放电，而对纹状体的运动能通路影响较轻微。该药可控制幻觉、妄想等神经分裂症的阳性症状，改善思维贫乏、感情冷漠等精神分裂症的阴性症状。因此，该药适用于各种精神分裂症，对焦虑和抑郁症都有效。该药的不良反应有流涎、便秘、发热、体重增加等，症状轻于氯氮平。
PA449061,clozapine,氯氮平,二苯二氮卓类,,抗精神疾病药物,氯氮平是一种二苯二氮卓类抗精神病药。对脑内5-羟色胺（5-HT2A）受体和多巴胺（DA1）受体的阻滞作用较强，对多巴胺（DA4）受体的也有阻滞作用，对多巴胺（DA2）受体的阻滞作用较弱，此外还有抗胆碱（M1），抗组胺（H1）及抗a-肾上腺素受体作用，锥体外系反应及迟发性运动障碍较轻，一般不引起血中泌乳素增高。能直接抑制脑干网状结构上行激活系统，具有强大镇静催眠作用，用于治疗多种类型的神经分裂症。
PA451201,quetiapine,喹硫平,二苯硫氮卓类,,抗精神疾病药物,喹硫平为一新型抗精神病药物，为脑内多种神经递质受体拮抗药。其抗精神病作用机制可能主要是拮抗中枢多巴胺D1、D2受体和5-HT1A、5-HT2受体。对组胺H1和肾上腺素α1受体也有拮抗作用，对毒蕈碱和苯二氮䓬类受体无亲和力。本品口服吸收好，不受食物的影响，血药浓度达峰时间为1〜2小时，平均半衰期为6〜7小时。存在首关效应，在肝脏代谢，主要代谢酶为CYP3A4。
PA10026,aripiprazole,阿立哌唑,喹啉酮类,,抗精神疾病药物,阿立哌唑用于治疗各类型的精神分裂症。国外临床试验表明，本品对精神分裂症的阳性和阴性症状均有明显疗效，也能改善伴发的情感症状，降低精神分裂症的复发率。阿立哌唑是一种新型的非典型抗精神分裂症药物，对DA能神经系统具有双向调节作用，是DA递质的稳定剂。与D2、D3、5-HT1A和5-HT2A受体有很高的亲和力。通过对D2和5-HT1A受体的部分激动作用及对5-HT2A受体的拮抗作用来产生抗精神分裂症作用的。
PA151186253,nemonapride,尼莫纳地,,,抗精神疾病药物,尼莫纳地具有较强的抗精神病作用，能改善幻觉和妄想等症状，对脱氧麻黄碱和阿扑吗啡引起的刻板行为及运动过度行为有明显抑制作用，其作用类似于氟哌啶醇，强于氯丙嗪。
PA161199368,iloperidone,伊潘立酮,,,抗精神疾病药物,伊潘立酮主要用于精神分裂症的治疗。其获准上市标志着对许多现有药物治疗中，仅部分有效的精神分裂症患者是一新的机会，本品可更好地控制他们的症状。与目前使用的抗精神病药物比较，短期、长期的安全试验结果显示伊潘立酮的副作用要少些，患者体重增加幅度较低，伊潘立酮不会诱导患者发生糖尿病，患者锥体外系症状也较少（无静坐不能、无高催乳素血症、嗜睡发生率下降、认知能力下降较少）。但是伊潘立酮也会使QT间期延长。
PA450911,phenobarbital,苯巴比妥,,巴比妥类,抗癫痫药,苯巴比妥为长效巴比妥类，其中枢性抑制作用随剂量而异。具有镇静、催眠、抗惊厥作用。并可抗癫痫，对癫痫大发作与局限性发作及癫痫持续状态有良效；对癫痫小发作疗效差；而对精神运动性发作则往往无效，且单用本药治疗时还可能使发作加重。本品还有增强解热镇痛药之作用，并能诱导肝脏微粒体葡萄糖醛酸转移酶活性，促进胆红素与葡萄糖醛酸结合，降低 血浆胆红素浓度，治疗新生儿髙胆红素血症（脑核性黄疸）。 口服及注射其钠盐均易被吸收。
PA448785,carbamazepine,卡马西平,,二苯并氮卓类,抗癫痫药,卡马西平是一种安全、有效、广谱、无认知功能不良反应的抗癫痫药。目前认为，该药能阻止钠离子通道，降低神经细胞膜对钠离子的通透性，降低神经元的兴奋性和延长不应期，对各类癫痫均有不同程度的疗效，其中对精神运动性发作癫痫效果最好。此外该药还具有抗抑郁作用，对躁狂抑郁症有效。最常见的不良反应是复视、共济失调、眩晕、恶心、呕吐等。
PA451728,topiramate,托吡酯,,广谱抗癫痫药,抗癫痫药,托吡酯是一个由氨基磺酸酯取代单糖的新型药物，为广谱抗癫痫新药，对各类癫痫发作均有效。其中原发性利继发性全身强直一阵挛发作及单纯或复杂部分发作效果尤其明显。对肌阵挛、婴儿痉挛也有效。作为心境稳定剂用于治疗双相障碍。
PA450164,lamotrigine,拉莫三嗪,,钠离子高通道阻滞剂,抗癫痫药,拉莫三嗪适应症为癫痫：对12岁以上儿童及成人的单药治疗：1. 简单部分性发作；2. 复杂部分性发作；3. 续发性全身强直- 阵挛性发作；4. 原发性全身强直- 阵挛性发作。目前暂不推荐对十二岁以下儿童采用单药治疗，因为尚未得到对这类特殊目标人群所进行的对照试验的相应数据。两岁以上儿童及成人的添加疗法 （ add-on therapy ） ：1. 简单部分性发作；2. 复杂部分性发作；3. 续发性全身强直- 阵挛性发作；4. 原发性全身强直- 阵挛性发作。本品也可用于治疗合并有 Lennox-Gastaut 综合征的癫痫发作。
PA450947,phenytoin,苯妥英钠,,乙内酰脲类,抗癫痫药,苯妥英为一种抗癫痫药，属IB类抗心律失常药，具有膜稳定性，抑制快钠离子内流。动物实验证明，本品对超强电休克、惊厥的强直相有选择性对抗作用，而对阵挛相无效或反而加剧，故其对癫癎大发作有良效，而对失神性发作无效。苯妥英缩短动作电位间期及有效不应期，还可抑制钙离子内流，降低心肌自律性，抑制交感中枢，对心房、心室的异位节律点有抑制作用。稳定细胞膜作用及降低突触传递作用，而具抗神经痛及骨骼肌松弛作用。本品可抑制皮肤成纤维细胞合成（或）分泌胶原酶。
PA450373,mephenytoin,美芬妥因,,乙内酰脲类,抗癫痫药,美芬妥因是一种化学品，主要用于癫痫大发作，对精神运动性发作及小发作无效。防治抽搦作用比苯妥英钠强。毒性较强，可产生粒性白细胞减少、再生障碍性贫血、溶血性贫血、麻疹样皮疹、肝毒性损害、结节性动脉周围炎等。不宜长期使用。部分毒副反应是由其代谢产物5-乙基-5-苯基-hydoantion所引起的。由于本品的潜在的毒副作用，只用于对其他药物治疗无效的病人。不可用来缓和电休克治疗时所引起的强烈反应和动作，以防止骨折和其他机体损伤。
PA451866,venlafaxine,文拉法辛,,5-羟色胺和去甲肾上腺素再摄取抑制剂,抗抑郁药,文拉法辛是三种生物源性胺类：5-羟色胺，去甲肾上腺素和多巴胺的再摄取抑制剂，其中对5-羟色胺再摄取抑制作用最强，对去甲肾上腺素再摄取抑制作用也较强。适用于各种类型抑郁症，包括伴有焦虑的抑郁症及广泛性焦虑症。
PA450530,modafinil,莫达非尼,,α1受体激动剂,抗抑郁药,莫达非尼为白色或类白色的结晶性粉末。是一种新型的种属兴奋α1受体激动剂，能产生与其他典型的中枢神经系统兴奋剂相似的精神兴奋作用，改善情绪、感觉、思维和情感。用于发作性睡病、抑郁症患者、特发性嗜睡或发作性睡眠症。
PA448687,bupropion,安非他酮,,去甲肾上腺素和多巴胺再摄取抑制剂,抗抑郁药,安非他酮属于氨基酮类抗抑郁药。适用于迟钝型抑郁症和对其他抗抑郁药疗效不明显或不能耐受的抑郁患者。长期大剂量服用可产生β肾上腺素受体向下调节的作用。安非他酮对去甲肾上腺素、5－HT、多巴胺再摄取有较弱的抑制作用，对单胺氧化酶无此作用。此药比较安全，几乎无镇静作用和抗胆碱作用，不影响心血管系统和血压，可诱导或加重惊厥，癫痫患者禁用。主要用于治疗抑郁症，也可用于辅助戒烟。
PA448385,amitriptyline,阿米替林,,三环类抗抑郁药,抗抑郁药,阿米替林为临床最常用的三环类抗抑郁药，其药理作用是阻断去甲肾上腺素、5－羟色胺在神经末梢的再摄取，从而使突触间隙的递质浓度增高，促使突触传递功能而发挥抗抑郁作用。其抗抑郁作用相似于丙米嗪，可使抑郁症患者情绪提高，对思缓慢、行为迟缓及食欲不振等症状能有所改善。
PA449969,imipramine,丙咪嗪,,三环类抗抑郁药,抗抑郁药,丙咪嗪主要作用是能阻滞去甲肾上腺素和5-羟色胺的再摄取，增加突触间隙中去甲肾上腺素和5－HT含量。具有较强的抗抑郁、抗胆碱能作用，镇静作用较弱。主要用于治疗各种抑郁症，尤以情感性障碍抑郁症疗效显著。亦可用于反应性抑郁、抑郁性神经症、小儿遗尿症。丙咪嗪口服后吸收迅速，96%与血浆蛋白结合。体内分布以脑、肾、肝中较多，在脑中又以基底节中最多。经肝脏代谢，代谢产物去甲丙咪嗪具有药理活性，与原药可以通过血脑屏障、胎盘屏障，并从乳汁中排出。
PA449233,desipramine,地昔帕明,,三环类抗抑郁药,抗抑郁药,地昔帕明为抗抑郁药，有阻滞草胺类神经介质如去甲肾上腺素或5-羟色胺回收的作用。用于治疗各种抑郁症。地昔帕明是丙米嗪的代谢物，作用与丙米嗪相似，具有较强的抗抑郁作用，但镇静和抗毒蕈碱作用明显较弱，因而更适合用于老年人。
PA449409,doxepin,多塞平,,三环类抗抑郁药,抗抑郁药,多塞平为二苯并䓬类化合物，是TCAs中镇静功能较强的抗抑郁药之一，作用机制同阿米替林、丙咪嗪。具有抑制5-HT再摄取的作用，而抗抑郁作用比丙米嗪弱，有一定的抗焦虑作用，抗胆碱作用较弱。常用于治疗抑郁症和各种焦虑抑郁为主的神经病症，亦可用于更年期精神病，对抑郁和焦虑的躯体性疾病和慢性酒精性神经疾病也有效，还可用于镇静及催眠。
PA449048,clomipramine,氯丙咪嗪,,三环类抗抑郁药,抗抑郁药,氯丙咪嗪主要作用在于阻断中枢神经系统对去甲肾上腺素和5-羟色胺的再摄取（对5-羟色胺的再摄取的阻断作用更强），而发挥抗抑郁及抗焦虑作用，亦有镇静和抗胆碱能作用。用于治疗各种抑郁状态，也常用于治疗强迫性神经症，恐怖性神经症。
PA450657,nortriptyline,去甲替林,,三环类抗抑郁药,抗抑郁药,去甲替林，为二苯环庚二烯三环类药物，属于阿米替林的代谢产物，具有抗抑郁作用，起效快适用于伴有紧张，焦虑的抑郁症患者。常见不良反应有口干、嗜睡、便秘、视力模糊、排尿困难等。严重心脏病、青光眼及排尿困难者宜禁用此药。
PA10074,escitalopram,艾司西酞普兰,,选择性5-羟色胺再摄取抑制剂,抗抑郁药,艾司西酞普兰属于选择性5-羟色胺再摄取抑制，抗抑郁治疗的一线用药。艾司西酞普兰为外消旋西酞普兰的左旋对映体，其作用机制是增进中枢神经系统5-羟色胺（5-HT）能的作用，抑制5-HT的再摄取。动物研究表明，本品为高选择性的5-HT再摄取抑制剂（SSRI），而对去甲肾上腺素（NE）和多巴胺（DA）再摄取作用微弱，其作用为西酞普兰右旋对映体作用的100倍。适用于重度抑郁症及广泛性焦虑患者的治疗。
PA449690,fluvoxamine,氟伏沙明,,选择性5-羟色胺再摄取抑制剂,抗抑郁药,氟伏沙明是一种选择性5-羟色胺再吸收抑制剂（SSRI）型的抗抑郁药，具有抗抑郁作用，可抑制脑神经细胞对5-羟色胺（5-HT）的再摄取，但不影响去甲肾上腺素（NA）的再摄取。其优点在于既无兴奋、镇静作用，又无抗胆碱、抗组胺作用，亦不影响单胺氧化酶（MAO）活性，对心血管系统无影响，不引起直立性低血压。广泛用于治疗各种抑郁症。
PA449673,fluoxetine,氟西汀,,选择性5-羟色胺再摄取抑制剂,抗抑郁药,氟西汀是一种选择性血清素（5-羟色胺）再吸收抑制剂的药物、首个抗抑郁药，药物形态为盐酸氟西汀。在临床上主要用于成人抑郁症、强迫症和神经性贪食症的治疗。其抗抑郁作用一般在4周后才显现，不宜与单胺氧化酶抑制剂合用。氟西汀是和血浆蛋白结合性非常强的药物，因此用药期间要注意其他与血浆蛋白结合药物的使用，例如华法林，氟西汀会把过多华法林从血浆蛋白上释放出来，造成华法林浓度升高而出血不止，甚至危及生命。
PA450801,paroxetine,帕罗西汀,,选择性5-羟色胺再摄取抑制剂,抗抑郁药,帕罗西汀是强效5-羟色胺（5-HT）再摄取抑制剂，通过阻断5-HT的再摄取而提高神经突触间隙5-HT的浓度，增强中枢5-羟色胺神经功能，从而产生抗抑郁作用。该药可用于治疗各种类型的抑郁症、强迫性神经症以及社交焦虑症。与三环类抗抑郁药相比，该药的不良反应少而且轻微，最常见的不良反应有口干、厌食、恶心等。服用本药的患者应该避免饮酒，停药时应该逐渐减量，以免发生停药综合征。
PA451333,sertraline,舍曲林,,选择性5-羟色胺再摄取抑制剂,抗抑郁药,舍曲林，通用名为盐酸舍曲林片，商品名佐洛夏，是美国处方量最大的抗抑郁品牌药。主要用于治疗抑郁症的相关症状，包括伴随焦虑、有或无躁狂史的抑郁症。此外，治疗强迫症的效果也较好。舍曲林在治疗抑郁症和焦虑障碍方面，疗效显著，安全性好，耐受性强，是当前治疗抑郁、焦虑障碍时首选药物之一。副反应较小，偶见恶心、呕吐、和消化不良等。
PA449015,citalopram,西酞普兰,,选择性5-羟色胺再摄取抑制剂,抗抑郁药,西酞普兰，商品名为喜普妙，是一种二环氢化酞类衍生物。是一种很强的选择性5-羟色胺再摄取抑制剂，通过选择性抑制神经细胞对5-羟色胺的再摄取，提高其在突触间隙中的浓度，导致中枢神经系统中的5-羟色胺活性增强，发挥抗抑郁作用。对组胺受体、乙酰胆碱受体等影响小，对去甲肾上腺素和多巴胺的再摄取基本无影响，故不良反应比三环类抗抑郁药少。常见不良反应为失眠、嗜睡、腹泻、恶心和乏力等，通常为轻度，在治疗的第1～2周出现。突然停药后，可出现一些不良事件，宜逐渐减量。妊娠妇女慎用，老年患者剂量应减少。
PA448068,salbutamol,沙丁胺醇,,β2受体激动剂,平喘药,沙丁胺醇，商品名硫酸沙丁胺醇注射液，为一种短效β2肾上腺素能受体激动剂，用作平喘药，能有效地抑制组胺等致过敏性物质的释放，防止支气管痉挛。适用于支气管哮喘、喘息性支气管炎、支气管痉挛、肺气肿等症。不良反应有肌肉震颤、外周血管舒张、头痛、和过敏反应等。高血压，冠状动脉供血不足，糖尿病，甲状腺机能亢进等患者应慎用。
PA450546,montelukast,孟鲁司特,,白三烯受体阻断剂,平喘药,孟鲁司特适用于15岁及15岁以上成人哮喘的预防和长期治疗，包括预防白天和夜间的哮喘症状，治疗对阿斯匹林敏感的哮喘患者以及预防运动诱发的支气管收缩；也适用于15岁及15岁以上成人以减轻季节性过敏性鼻炎引起的症状。
PA449661,flunisolide,氟尼缩松,,吸入性糖皮质激素,平喘药,氟尼缩松为地塞米松的衍生物，抗炎作用比地塞米松强，能抑制支气管炎症、水肿，缓解支气管哮喘。
PA10251,atazanavir,阿扎那韦,,蛋白酶抑制剂,抗病毒药,阿扎那韦是一新型氮杂肽类蛋白酶抑制剂（PI），是HIV-1蛋白酶的高选择性和高效的抑制剂，通过阻断病毒gap和gap-pol前体多聚蛋白的裂解，从而抑制病毒结构蛋白、逆转录酶、整合酶和蛋白酶的生成，使HIV-1感染的细胞释放出非感染性的不成熟的病毒颗粒。
PA451260,ritonavir,利托那韦,,蛋白酶抑制剂,抗病毒药,人体免疫缺陷病毒（HIV，又名艾滋病病毒），通过破坏人体的T淋巴细胞，使人体免疫系统瘫痪，从而导致人体患各种疾病，最终导致艾滋病。利托那韦是HIV蛋白酶抑制剂，可与HIV成熟必须的蛋白酶结合，抑制该酶的活性，从而可干扰HIV的复制，减少HIV在人体蔓延，延迟疾病发展。利托那韦可与其他抗病毒药物联合应用于治疗HIV感染患者。利托那韦的主要不良反应有恶心、呕吐、腹泻登，以及血液的甘油三酯、胆固醇、尿酸等升高。
PA450264,lopinavir,洛匹那韦,,蛋白酶抑制剂,抗病毒药,洛匹那韦与蛋白酶抑制剂利托那韦联合使用，用来抗HIV感染。与利托那韦结合使用时，药效提高，用于治疗用其他抗逆转录病毒疗法治疗无效的HIV。有研究表明，洛匹那韦对人类乳头瘤病毒（HPV）亦有效。
PA449977,indinavir,茚地那韦,,蛋白酶抑制剂,抗病毒药,茚地那韦是一种蛋白酶抑制药，具有抗HIV-1和HIV-2蛋白酶作用，但对HIV-1的选择性高达10倍。它与蛋白酶的活性部位可逆性结合，发挥竞争性抑制效应，从而阻止病毒前体多聚蛋白质的分裂并干扰新的病毒颗粒的成熟。这种病毒颗粒仍处于未成熟状态中，故延迟了HIV细胞间的蔓延。据此，蛋白酶抑制可阻止发生新的感染病灶。
PA450616,nevirapine,奈韦拉平,,非核苷类,抗病毒药,奈韦拉平是HIV-1的非核苷类逆转录酶抑制剂（NNRTI）。奈韦拉平与HIV-1的逆转录酶直接连接并且通过使此酶的催化端破裂来阻断RNA依赖和DNA依赖的DNA聚合酶活性。奈韦拉平是肝细胞色素P450代谢酶（CYP3A，CYP2B）的诱导剂，其它主要由CYP3A，CYP2B代谢的药物在与本药合用时，奈韦拉平可以降低这些药物血浆浓度。因此，如果一个患者正在接受由CYP3A或CYP2B代谢的药物的一个稳定剂量的治疗，若开始合用本药，前者药物剂量需要调整。
PA449441,efavirenz,依法韦仑,,非核苷类,抗病毒药,依法韦仑是一种抵抗艾滋病毒的特效药物。它是一种属于非核苷逆转录酶抑制物（NNRTI）类别的药物，可在高活性抗逆转病毒疗法中使用，进行医治甲类人体免疫性病毒（HIV type 1）。依法韦仑也时常被与其他药物联合使用以防止HIV病毒在高危人群当中的感染与扩散。在决定开始药物治疗时应当考虑以下因素：CD4读数、HIV病源体荷载（HIV viral load）、病人的诊治历史、抗药性及其个人意愿。
PA164749390,peginterferon alfa-2a,聚乙二醇干扰素ɑ-2a,干扰素衍生物,广谱抗病毒,抗病毒药,聚乙二醇干扰素α-2a商品名为派罗欣，本品为透明无色至淡黄色液体，是聚乙二醇与重组干扰素α-2a结合形成的长效干扰素。可与细胞表面的特异性α受体结合，触发细胞内复杂的信号传递途径并激活基因转录，调节多种生物效应，包括抑制感染细胞内的病毒复制，抑制细胞增殖，并具有免疫调节作用。本品适用于治疗成人慢性乙型肝炎、慢性丙型肝炎，其不良反应主要有感冒样综合征、发热、骨髓抑制等。
PA164784024,peginterferon alfa-2b,聚乙二醇干扰素ɑ-2b,干扰素衍生物,广谱抗病毒,抗病毒药,聚乙二醇干扰素α-2b商品名为佩乐能，是最优化设计的聚乙二醇干扰素，在延长半衰期的同时，最大程度地保留了抗病毒活性。干扰素一旦与细胞膜结合后，可启动一系列复杂的细胞内过程，包括某些酶的诱导，进而产生干扰素的治疗效应。适用于慢性丙型肝炎的治疗，以及肝功能代偿期的HBeAg阳性的慢性乙型肝炎。较为常见的不良反应包括注射部位疼痛、炎症、疲乏感、寒战，以及发热等。
PA450037,interferon beta-1a,β干扰素-1a,,广谱抗病毒,抗病毒药,干扰素是一组具有多种功能的活性蛋白质（主要是糖蛋白），是一种由单核细胞和淋巴细胞产生的细胞因子。它们在同种细胞上具有广谱的抗病毒、影响细胞生长，以及分化、调节免疫功能等多种生物活性。β干扰素属I型干扰素，由成纤维细胞等多种细胞在病毒、核酸等诱导后产生，与α干扰素结合相同的受体，具有相似生物学作用。
PA450039,interferon beta-1b,β干扰素-1b,,广谱抗病毒,抗病毒药,干扰素是一组具有多种功能的活性蛋白质（主要是糖蛋白），是一种由单核细胞和淋巴细胞产生的细胞因子。它们在同种细胞上具有广谱的抗病毒、影响细胞生长，以及分化、调节免疫功能等多种生物活性。β干扰素属I型干扰素，由成纤维细胞等多种细胞在病毒、核酸等诱导后产生，与α干扰素结合相同的受体，具有相似生物学作用。
PA451241,ribavirin,利巴韦林,,广谱抗病毒,抗病毒药,利巴韦林又名病毒唑、三氮唑核苷、尼斯可等，是广谱强效的抗病毒药物，目前广泛应用于病毒性疾病的防治，如丙型肝炎。有研究表明，位于ITPA的RS6139030与丙型肝炎治疗有密切关系，当其表现型为TT，进行利巴韦林治疗时，对血小板的数量无影响；当表现型为CT，进行利巴韦林治疗时，对血小板减少的风险增加；当表现型为CC，进行利巴韦林治疗时，对血小板减少的风险显著增加。
PA451999,interferons,干扰素,,广谱抗病毒,抗病毒药,干扰素（IFN）是一种广谱抗病毒剂，并不直接杀伤或抑制病毒，而主要是通过细胞表面受体作用使细胞产生抗病毒蛋白，从而抑制乙肝病毒的复制，其类型分为三类，α-（白细胞）型、 β-（成纤维细胞）型，γ-（淋巴细胞）型；同时还可增强自然杀伤细胞（NK细胞）、巨噬细胞和T淋巴细胞的活力，从而起到免疫调节作用，并增强抗病毒能力。干扰素是一组具有多种功能的活性蛋白质（主要是糖蛋白），它们具有广谱的抗病毒、影响细胞生长，以及分化、调节免疫功能等多种生物活性。
PA451954,zidovudine,齐多夫定,非开环核苷类,核苷类,抗病毒药,齐多夫定为抗病毒药，用于艾滋病或与艾滋病有关的综合症患者及免疫缺陷病毒（HIV）感染的治疗。在受病毒感染的细胞内被细胞胸苷激酶磷酸化为三磷酸齐多夫定，后者能选择性抑制HIV逆转酶，导致HIV链合成终止从而阻止HIV复制。与病毒的DNA聚合酶结合，中止DNA链的增长，从而阻抑病毒的复制。对人的α-DNA聚合酶的影响小而不抑制人体细胞增殖。
PA451494,stavudine,司他夫定,非开环核苷类,核苷类,抗病毒药,司他夫定，通用名司他夫定片，商品名迈思汀，为白色到类白色片剂。是胸苷类似物，通过细胞酶磷酸化，形成司他夫定三酸盐，抑制艾滋病毒（HIV）在人体细胞内的复制。可与其他抗病毒药物联合使用，用于治疗I型艾滋病病毒感染。司他夫定能产生外周神经病变，该病变与剂量有关，主要表现为手足麻木刺痛。肾功能衰竭的老年患者，应注意调节剂量，妊娠妇女不宜服用。
PA10204,tenofovir,替诺福韦,,核苷类,抗病毒药,替诺福韦，商品名为韦瑞德，是一种新型核苷酸类逆转录酶抑制剂，属于核苷类药物。可有效对抗多种病毒，用于治疗病毒性感染疾病，多用于慢性乙型肝炎的治疗。其活性成分替诺福韦双磷酸盐，通过与病毒聚合酶竞争性结合脱氧核糖底物，进而抑制病毒增殖。常见的不良反应为头晕和胃肠道不适，如腹泻、呕吐、和胃肠胀气等。
PA164712789,Hepatitis vaccines,乙肝疫苗,,,抗病毒药,乙肝疫苗是用于预防乙肝的特殊药物，接种疫苗后，可刺激免疫系统产生保护性抗体，当乙肝病毒出现时，抗体会立即作用，将其清除，同时不会伤害肝脏，从而使人体具有预防乙肝的免疫力。接种乙肝疫苗是预防乙肝病毒感染的最有效方法，目前使用的乙肝疫苗是基因工程疫苗，主要成分是乙肝病毒的表面抗原，可以刺激机体产生保护性抗体。乙型肝炎疫苗全程接种共3 针，按照0、1、6 个月间隔注射。
PA449493,erythromycin,红霉素,,大环内酯类,抗菌药,红霉素是由链球菌Streptomyces erythreus所产生的一种碱性抗生素，属大环内酯类，临床主要应用于链球菌引起的扁桃体炎，猩红热，白喉及带菌者，淋病，李斯特菌病，肺炎链球菌引起的下呼吸道感染，支原体肺炎，本品可作为首选药应用。尚可应用于流感杆菌引起的上呼吸道感染，金黄色葡萄球菌皮肤及软组织感染，梅毒，肠道阿米巴病等。
PA451547,sulfasalazine,柳氮磺胺吡啶,,磺胺类,抗菌药,柳氮磺吡啶是水杨酸与磺胺吡吡啶的偶氮化合物，具有抗菌、抗风湿和免疫抑制作用。在肠道内被该处细菌分解为磺胺吡吡啶（SP）与5-氨基水杨酸（5-ASA）。SP有微弱的抗菌作用，它在药物分子中主要起载体作用，阻止5-ASA在胃和十二指肠部位吸收，仅在肠道碱性条件下，肠道微生物使重氮键破裂而释出有效成分。其机制目前认为主要是5-ASA与大肠壁结缔组织络合后较长时间停留在肠壁组织中起到抗菌消炎和免疫抑制作用，减少大肠杆菌和梭状芽胞杆菌，同时抑制肠前列腺素的合成（溃疡性结肠炎患者前列腺素增加）以及其他炎症介质（白三烯）的合成。
PA451250,rifampin,利福平,利福霉素类,抗结核分歧杆菌,抗菌药,利福平是一种所属利福霉素家族的一种广谱抗生素药物，对结核分枝杆菌和部分非结核分枝杆菌（包括麻风分枝杆菌等）在宿主细胞内外均有明显的杀菌作用。对革兰氏阳性或阴性细菌、病毒等也有疗效。主要用于治疗结核病、脑膜炎和金黄色葡萄球菌感染，外用可治疗沙眼等。
PA450112,isoniazid,异烟肼,,抗结核分歧杆菌,抗菌药,异烟肼，又名雷米封、异烟酰肼，为无色结晶，或白色至类白色的结晶性粉末。异烟肼对结核杆菌有高度选择性，抗菌力强，抗菌机制可能是抑制分枝菌酸的合成，使细菌丧失耐酸性、疏水性和增殖力而死亡。不良反应有胃肠道症状、血液系统症状、肝损伤、内分泌失调等。肝功能不良者、有精神病和癫痫病史者慎用。
PA164784021,ethambutol,乙胺丁醇,,抗结核分歧杆菌,抗菌药,乙胺丁醇是一种化学合成的白色、溶解于水，而且耐热的晶体。为合成抗菌药，能影响结核杆菌菌体核糖核酸的合成，从而具有杀菌、抑菌的作用，对结核杆菌和其他分支杆菌有较强的抑制作用。不良反应主要为视力模糊、畏寒、关节肿痛、以及恶心等。痛风、视神经炎、肾功能减退情况者应慎用。
PA451182,pyrazinamide,吡嗪酰胺,,抗结核分歧杆菌,抗菌药,吡嗪酰胺片，适应症为本品仅对分枝杆菌有效，与其他抗结核药（如链霉素、异烟肼、利福平及乙胺丁醇）联合用于治疗结核病。作用机制可能与吡嗪酸有关，吡嗪酰胺渗透入吞噬细胞后并进入结核杆菌菌体内，菌体内的酰胺酶使其脱去酰胺基，转化为吡嗪酸而发挥抗菌作用。另因吡嗪酰胺在化学结构上与烟酰胺相似，通过取代烟酰胺而干扰脱氢酶，阻止脱氢作用，妨碍结核杆菌对氧的利用，而影响细菌的正常代谢，造成死亡。
PA166152838,dimethyl fumarate,富马酸二甲酯,,抗真菌,抗菌药,富马酸二甲酯具有高效、广谱抗菌的特点，对霉菌有特殊的抑菌效果。并兼有杀虫活性，还具有触杀和熏蒸作用，曾广泛应用于食品、饮料、饲料、中药材、化妆品、鱼、肉、蔬菜、水果等防霉、防腐、防虫、保鲜。由于其对人体有腐蚀性和致过敏性，现在被归为非食用物质，不得在食品（包括面制品）中使用。据国内研究表明，DMF具有较好的抗真菌能力，对于饲料的防霉效果优于丙酸盐、山梨酸及苯甲酸等酸性防腐剂。
PA10235,zoledronate,唑来膦酸,含氮双膦酸化合物,二磷酸化合物,抗肿瘤药,唑来膦酸是一种特异性地作用于骨的双膦酸盐化合物，主要作用于人体骨骼，通过对破骨细胞的抑制，从而抑制骨吸收。双膦酸盐化合物对骨组织的选择性作用，依赖于其对矿化骨的高亲和性，其作用的分子机理尚不清楚。适应于恶性肿瘤溶骨性骨转移引起的骨痛，本品最常见的不良反应是发热，其他不良反应主要包括乏力、胸痛、腿浮肿、以及低血压等。
PA451581,tamoxifen,他莫昔芬,雌激素受体拮抗剂,激素类抗肿瘤药,抗肿瘤药,他莫昔芬，用于治疗晚期乳腺癌和卵巢癌。为合成的抗雌激素药物。结构类似雌激素，能与雌二醇竞争雌激素受体，与雌激素受体形成稳定的复合物，并转运入核内，阻止染色体基因开放，从而使癌细胞的生长和发育受到抑制。临床治疗乳腺癌，有效率一般在30%作用，雌激素受体阳性患者疗效较好（49%），阴性患者疗效差（7%）。绝经前和绝经后患者均可使用，而绝经后和60岁以上的人较绝经前和年轻患者的效果为好。从病灶部位来看，皮肤、淋巴结和软组织的疗效好，骨和内脏转移的效果差。
PA448432,anastrozole,阿那曲唑,芳香化酶抑制剂,激素类抗肿瘤药,抗肿瘤药,阿那曲唑为一种强效、选择性非甾体类芳香化酶抑制剂。可抑制绝经后患者肾上腺中生成的雄烯二酮转化为雌酮，从而明显地降低血浆雌激素水平，产生抑制乳腺肿瘤生长的作用。另外，阿那曲唑对肾上腺皮质类固醇或醛固酮的生成没有明显影响。临床上用于绝经后妇女的晚期乳腺癌治疗。
PA450196,letrozole,来曲唑,芳香化酶抑制剂,激素类抗肿瘤药,抗肿瘤药,来曲唑，别名 芙瑞，是一种白色或类白色粉末的化学品。是新一代芳香化酶抑制剂，为人工合成的苄三唑类衍生物，来曲唑通过抑制芳香化酶，使雌激素水平下降，从而消除雌激素对肿瘤生长的刺激作用。用于乳腺癌化疗和放疗。
PA449563,exemestane,依西美坦,芳香化酶抑制剂,激素类抗肿瘤药,抗肿瘤药,依西美坦，商品名为如苏美，适用于雌孕激素受体阳性的绝经后晚期乳腺癌。依西美坦为一种不可逆性甾体芳香酶灭活剂，结构上与该酶的自然底物雄烯二酮相似，结合后使酶失活，从而阻止雌激素的生成，进而抑制乳腺癌细胞的生长。不良反应主要有恶心、便秘、腹泻、头晕、皮疹、浮肿、疼痛等。依西美坦不可与雌激素类药物连用，以免出现干扰作用。中、重度肝功能、肾功能不全者慎用。
PA449247,dexamethasone,地塞米松,糖皮质类激素,激素类抗肿瘤药,抗肿瘤药,地塞米松又名氟美松、氟甲强的松龙、德沙美松，是糖皮质类激素。其衍生物有氢化可地松、泼尼松等，其药理作用主要是抗炎、抗毒、抗过敏、抗风湿，故广泛应用于各科治疗多种疾病，如自身免疫性疾病，过敏，炎症，哮喘及皮肤科、眼科疾病。在肿瘤方面，它可用于癌症患者接受化疗时抵制某些副作用。地塞米松与可止吐的5-HT3受体拮抗剂昂丹司琼有相似性。地塞米松也用在某些恶性血液病，特别是多发性骨髓瘤，有单独给予地塞米松或连同酞胺哌啶酮或组合阿霉素和长春新碱的VAD治疗方案。在脑肿瘤治疗方面，地塞米松可用来对付水肿（这可能挤压其他大脑结构）的发展。
PA449748,gemcitabine,吉西他滨,二氟核苷类,抗代谢药,抗肿瘤药,吉西他滨是一种破坏细胞复制的二氟核苷类抗代谢物抗癌药，是去氧胞苷的水溶性类似物，是核糖核苷酸还原酶的一种抑制性酶的替代物，这种酶在DNA合成和修复过程中，对脱氧核苷酸的生成是至关重要的。吉西他滨适用于晚期胰腺癌，晚期非小细胞肺癌，局限期或转移性膀胱癌，转移性乳腺癌的一线治疗，晚期卵巢癌的二线治疗以及早期宫颈癌的新辅助治疗。
PA128406956,fluorouracil,氟尿嘧啶,氟尿嘧啶类,抗代谢药,抗肿瘤药,氟尿嘧啶是嘧啶类的氟化物，属于抗代谢抗肿瘤药，能抑制胸腺嘧啶核苷酸合成酶，阻断脱氧嘧啶核苷酸转换成胸腺嘧啶核苷核，干扰DNA合成。对RNA的合成也有一定的抑制作用。5-FU是一种不典型的细胞周期特异性药，它除了主要作用于S期外，对其他期的细胞亦有作用。临床用于结肠癌、直肠癌、胃癌、乳腺癌、卵巢癌、绒毛膜上皮癌、恶性葡萄胎、头颈部鳞癌、皮肤癌、肝癌、膀胱癌等。
PA448771,capecitabine,卡培他滨,氟尿嘧啶类,抗代谢药,抗肿瘤药,卡培他滨是5-氟尿嘧啶的前体药物。卡培他滨进入人体后在肝脏中转化为有药物活性的形式，抑制胸腺嘧啶核苷酸合成酶，导致肿瘤细胞缺少胸苷酸，干扰DNA的合成。此外也可以干扰RNA合成。卡培他滨的活性与使用总剂量有关，而与治疗使用的时间长短无关。卡培他滨可用于治疗对紫杉醇产生耐药性的恶性乳腺癌，也可以用于治疗转移性结直肠癌、食管癌等。卡培他滨常见的不良反应有恶心、呕吐、脱发、骨髓抑制等。
PA452620,tegafur,喃氟啶,氟尿嘧啶类,抗代谢药,抗肿瘤药,喃氟啶是氟尿嘧啶的衍生物，在体内经肝脏活化转换为氟尿嘧啶而发挥其抗肿瘤活性，干扰DNA与RNA合成，主要作用于S期，为细胞周期特异性药物。化疗指数为氟尿嘧啶的2倍，毒性仅为氟尿嘧啶的1/4～1/7。主要用于治疗消化道肿瘤，如胃癌、直肠癌、胰腺癌、肝癌，亦可用于乳腺癌。
PA450428,methotrexate,甲氨蝶呤,抗叶酸类,抗代谢药,抗肿瘤药,甲氨蝶呤（Methotrexate）为抗叶酸类抗肿瘤药，主要通过对二氢叶酸还原酶的抑制而达到阻碍肿瘤细胞的合成，抑制肿瘤细胞的生长与繁殖。甲氨蝶呤作为一种叶酸还原酶抑制剂，主要抑制二氢叶酸还原酶，而使二氢叶酸不能还原成有生理活性的四氢叶酸，从而使嘌呤核苷酸和嘧啶核苷酸的生物合成过程中一碳基团的转移作用受阻，导致DNA的生物合成受到抑制。
PA10810,pemetrexed,培美曲塞,抗叶酸类,抗代谢药,抗肿瘤药,培美曲塞，别名力比泰，为白色至淡黄色或绿黄色冷冻干燥固体，经医师配制为溶液后，经静脉滴注。通过破坏细胞内叶酸依赖性的正常代谢过程，抑制细胞复制，从而抑制肿瘤的生长。可联合顺铂，用于治疗无法手术的恶性胸膜间皮瘤。肝功能不全患者宜酌情减少剂量。
PA449177,cytarabine,阿糖胞苷,嘧啶类,抗代谢药,抗肿瘤药,阿糖胞苷主要作用于细胞S增殖期的嘧啶类抗代谢药物，通过抑制细胞DNA的合成，干扰细胞的增殖。阿糖胞苷进入人体后经激酶磷酸化后转为阿糖胞苷三磷酸及阿糖胞苷二磷酸，前者能强有力地抑制DNA聚合酶的合成，后者能抑制二磷酸胞苷转变为二磷酸脱氧胞苷，从而抑制细胞DNA聚合及合成。主要用于急性白血病：对急性粒细胞白血病疗效最好，对急性单核细胞白血病及急性淋巴细胞白血病也有效。一般均与其他药物合并应用。对恶性淋巴瘤、肺癌、消化道癌、头颈部癌有一定疗效，对病毒性角膜炎及流行性结膜炎等也有一定疗效。
PA450379,mercaptopurine,巯嘌呤,嘌呤类,抗代谢药,抗肿瘤药,巯嘌呤属于抑制嘌呤合成途径的细胞周期特异性药物，化学结构与次黄嘌呤相似，因而能竞争性地抑制次黄嘌呤的转变过程，本品进入体内，在细胞内必须由磷酸核糖转移酶转为6-巯基嘌呤核糖核苷酸后才具有活性。适用于绒毛膜上皮癌、恶性葡萄胎、急性淋巴细胞白血病及急性非淋巴细胞白血病、慢性粒细胞白血病的急变期。
PA449412,doxorubicin,阿霉素,蒽环类,抗肿瘤抗生素,抗肿瘤药,阿霉素是一种抗肿瘤抗生素，可抑制RNA 和DNA的合成，对RNA的抑制作用最强。抗瘤谱较广，对多种肿瘤均有作用，属周期非特异性药物，对各种生长周期的肿瘤细胞都有杀灭作用。主要适用于急性白血病，对急性淋巴细胞白血病及粒细胞白血病均有效，一般作为第二线药物，即在首选药物耐药时可考虑应用此药。对乳腺癌、肉瘤、肺癌、膀胱癌等其他各种癌症都有一定疗效，多与其他抗癌药联合使用。
PA449476,epirubicin,表阿霉素,蒽环类,抗肿瘤抗生素,抗肿瘤药,表阿霉素属于抗生素类抗肿瘤药。为阿霉素的同分异构体，作用机制是直接嵌入DNA核碱对之间，干扰转录过程，阻止mRNA的形成，从而抑制DNA和RNA的合成。此外，表阿霉素对拓朴异构酶Ⅱ也有抑制作用。为一细胞周期非特异性药物，对多种移植性肿瘤均有效。与阿霉素相比，疗效相等或略高，但对心脏的毒性较小。适用于急性白血病和恶性淋巴瘤、乳腺癌、支气管肺癌、卵巢癌、肾母细胞瘤、软组织肉瘤、膀胱癌、睾丸癌、前列腺癌、胃癌、肝癌（包括原发性肝细胞癌和转移性癌）以及甲状腺髓样癌等多种实体瘤。
PA449212,daunorubicin,柔红霉素,蒽环类,抗肿瘤抗生素,抗肿瘤药,柔红霉素，别名正定霉素、佐柔比星，为橙红色针状结晶，易溶于水。通过破坏核酸的空间结构发挥作用，对各期增殖细胞均有杀伤作用，但抗瘤谱远窄于阿霉素。主要用于各种类型的急性白血病、慢性粒细胞性白血病、和恶性淋巴瘤。常见不良反应为恶心、呕吐、口腔炎和食管炎，儿童和老年患者宜慎用此药。
PA448492,asparaginase,门冬酰胺酶,,抗肿瘤酶制剂,抗肿瘤药,门冬酰胺酶，对急性粒细胞型白血病和急性单核细胞白血病有一定疗效，而对恶性淋巴瘤有较好的疗效。作用机制为门冬酰胺酶能将血清中的门冬酰胺水解，导致肿瘤细胞、白血病细胞不能获得足够的门冬酰胺，进而导致蛋白质合成障碍，增殖受抑制。其优点是对于常用药物治疗后复发的病例也有效，缺点是单独应用不仅缓解期短，而且很易产生耐药性，故多与其他药物合并应用。
PA165110775,SN-38,SN-38,喜树碱类,抗肿瘤植物药,抗肿瘤药,SN-38是一种抗肿瘤药物。它是伊立替康（喜树碱类似物 - 拓扑异构酶I抑制剂）的活性代谢物，但活性高于伊立替康本身的1000倍。
PA450085,irinotecan,伊立替康,喜树碱类,抗肿瘤植物药,抗肿瘤药,伊立替康是喜树碱的半合成衍生物。喜树碱可特异性地与拓扑异构酶I结合，后者诱导可逆性单链断裂，从而使DNA双链结构解旋；伊立替康及其活性代谢物SN－38可与拓扑异构酶I－DNA复合物结合，从而阻止断裂单链的再连接。现有研究提示，伊立替康的细胞毒作用归因于DNA合成过程中，复制酶与拓扑异构酶I－DNA一伊立替康（或SN－38）三联复合物相互作用，从而引起DNA双链断裂。哺乳动物细胞不能有效地修复这种DNA双链断裂。
PA451881,vinorelbine,长春瑞滨,长春碱类,抗肿瘤植物药,抗肿瘤药,长春瑞宾别名长春瑞宾双酒石酸盐、诺维本、诺维苯等，适用于非小细胞肺癌、转移性乳腺癌以及难治性淋巴瘤、卵巢癌、头颈部肿瘤。不良反应为粒细胞减少、中度贫血和周围神经毒性反就。偶见恶心、呕吐、呼吸困难等。肝功能不全者应减量，肾功能不全者慎用。
PA451879,vincristine,长春新碱,长春碱类,抗肿瘤植物药,抗肿瘤药,长春新碱是一种双吲哚型生物碱，存在于夹竹桃科植物长春花中，因抗肿瘤作用良好，目前其制剂作为临床抗肿瘤药物。抗肿瘤作用的靶点是微管，主要抑制微管蛋白的聚合而影响纺锤体微管的形成，细胞分裂在中期停止的作用。长春新碱疗效比长春碱约高10倍，可用于治疗急性淋巴细胞性白血病、恶性淋巴瘤、生殖细胞瘤、小细胞肺癌，以及乳腺癌。 
PA449383,docetaxel,多西他赛,紫杉烷类,抗肿瘤植物药,抗肿瘤药,多西他赛主要治疗晚期乳腺癌、卵巢癌、非小细胞肺癌、小细胞肺癌、胃癌、胰腺癌、黑色素瘤等。多西他赛的作用机制是加强微管蛋白聚合作用和抑制微管解聚作用，导致稳定的非功能性微管束的形成，从而破坏肿瘤细胞的有丝分裂。与顺铂联合使用时，宜先用多西他赛后用顺铂，以免降低多西他赛的消除率；而与蒽环类药物联合使用时，给药顺序与上述相反。
PA450761,paclitaxel,紫杉醇,紫杉烷类,抗肿瘤植物药,抗肿瘤药,紫杉醇是红豆杉属植物中的一种复杂的次生代谢产物，也是目前所了解的唯一的可以促进微管聚合和稳定已聚合微管的药物。同位素示踪表明，紫杉醇只结合到聚合的微管上，不与未聚合的微管蛋白二聚体反应。细胞接触紫杉醇后，细胞内会积累大量的微管，这些微管的积累干扰了细胞的各种功能，特别是有丝分裂期细胞的正常分裂。临床上主要用于治疗卵巢癌、乳腺癌、非小细胞肺癌，对脑瘤、食管癌、膀胱癌、大肠癌等也有一定疗效。
PA131285527,oxaliplatin,奥沙利铂,铂类化合物,其他及辅助治疗,抗肿瘤药,奥沙利铂属于新的铂类抗癌药，在多种肿瘤模型系统，包括在人结直肠癌模型中，都表现出广谱的体外细胞毒性及体内抗肿瘤活性作用。体内、体外试验也证实在顺铂耐药的肿瘤模型中，它仍然有效。有研究表明，奥沙利铂通过产生水化衍生物作用于DNA，形成链内和链间交联，从而抑制DNA 的合成，产生细胞毒作用和抗肿瘤活性。奥沙利铂与5-氟尿嘧啶和亚叶酸（甲酰四氢叶酸）联合应用 ：一线应用治疗转移性结直肠癌 ；辅助治疗原发肿瘤完全切除后的Ⅲ期（Duke’s C期）结肠癌。
PA448803,carboplatin,卡铂,铂类化合物,其他及辅助治疗,抗肿瘤药,卡铂为第二代铂类化合物，1986年在英国上市，其生化物征与顺铂相似，但肾毒性、耳毒性、神经毒性尤其是胃肠道反应明显低于DDP（顺铂），是近年来广泛受到重视的新药，与DDP一样同属细胞周期非特异性药物。它主要作用DNA的鸟嘌呤的N7和O6原子上，引起DNA链间及链内交联，破坏DNA分子，阻止其螺旋解链，干扰DNA合成，而产生细胞毒作用。卡铂为广谱抗肿瘤药，与其他抗肿瘤药无交叉耐药性，与DDP有交叉耐药性。
PA449014,cisplatin,顺铂,铂类化合物,其他及辅助治疗,抗肿瘤药,顺铂是中心以二价铂同两个氯原子和两个氨分子结合的重金属络合物，类似于双功能烷化剂，可抑制DNA的复制过程。顺铂属细胞周期非特异性药物，具有细胞毒性，可抑制癌细胞的DNA复制过程，并损伤其细胞膜上结构，有较强的广谱抗癌作用。临床用于卵巢癌、前列腺癌、睾丸癌、肺癌、鼻咽癌、食道癌、恶性淋巴瘤、头颈部鳞癌、甲状腺癌及成骨肉瘤等多种实体肿瘤均能显示疗效。顺铂是临床常用的化疗药物之一，具有抗癌谱广、疗效确切等特点，但其副作用大。
PA449165,cyclophosphamide,环磷酰胺,氮芥类,烷化剂,抗肿瘤药,环磷酰胺为最常用的烷化剂类抗肿瘤药，在体外无抗肿瘤活性，进入体内后先在肝脏中经微粒体功能氧化酶转化成醛磷酰胺，而醛磷酰胺不稳定，在肿瘤细胞内分解成酰胺氮芥及丙烯醛，酰胺氮芥对肿瘤细胞有细胞毒作用。环磷酰胺是双功能烷化剂及细胞周期非特异性药物，可干扰DNA及RNA功能，尤以对前者的影响更大，它与DNA发生交叉联结，抑制DNA合成，对S期作用最明显。
PA448691,busulfan,白消安,甲磺酸酯类,烷化剂,抗肿瘤药,白消安适用于慢性粒细胞白血病慢性期的缓解治疗，虽然其不能治愈该症，但能非常有效地减轻粒细胞的总负荷，缓解症状及改善患者状态，白消安在存活时间，维持血红蛋白水平方面，优于对脾区的放射治疗，并能有效地控制脾的大小，一旦发生急性思变，白消安则无效。白消安可有效地延长真性红细胞增多症的缓解期，尤其对伴有血小板显著增多的病例。白消安对某些原发性血小板增多症和骨髓纤维化病例，也可能有效。
PA451668,thiotepa,塞替派,乙撑亚胺类,烷化剂,抗肿瘤药,塞替派为细胞周期非特异性药物，在生理条件下，形成不稳定的亚乙基亚胺基，具有较强的细胞毒作用。塞替派是多功能烷化剂，能抑制核酸的合成，与DNA发生交叉联结，干扰DNA和RNA的功能，改变DNA的功能，故也可引起突变。临床用于乳腺癌、卵巢癌，也可用于肺癌、宫颈癌、黑色素瘤、食管癌、胃癌、肠癌、鼻咽癌、喉癌等。
PA164754992,rocuronium,罗库溴铵,非去极化神经肌肉阻滞剂,骨骼肌松弛药,麻醉药,罗库溴铵为骨骼肌松弛药，临床上主要用于全身麻醉、使骨骼肌松弛和气管内插管。是一个非去极化神经肌肉阻滞剂，与其它非去极化药物一样，它竞争性地与运动神经末梢突触上的胆碱能受体结合，以拮抗乙酰胆碱的作用。非去极化神经肌肉阻断剂比琥珀酰胆碱安全，但起效慢，作用时间长，在某些应用方面存在着缺点。 罗库溴铵作用快，并存在剂量依赖性。在非去极化神经肌肉阻断剂中，本品起效最快，一般在静脉注射60秒钟后就能为插管提供极好的条件。
PA451522,succinylcholine,琥珀酰胆碱,去极化型肌松药,骨骼肌松弛药,麻醉药,琥珀酰胆碱属于骨骼肌松弛药，在临床上多用于局部麻醉，可引起心动过缓、心律失常、心搏骤停等，超量注射可致人支气管痉挛或过敏性休克死亡，是国家一类管制药品。临床常用于全麻下气管内插管，也用于内窥镜的检查，破伤风或电休克惊厥等。
PA449072,cocaine,可卡因,,局部麻醉药,麻醉药,可卡因，又称古柯碱，多呈白色晶体状，无臭，味苦而麻。在医疗中，它被用作局部麻醉药或血管收缩剂，由于其麻醉效果好，穿透力强，主要用于表面麻醉，但因毒性强，不宜注射。同时可作强烈的天然中枢兴奋剂，也因其对中枢神经系统的兴奋作用而导致滥用，1985年起成为世界性主要毒品之一，多在美洲和欧洲。
PA450106,isoflurane,异氟烷,吸入性,全身性麻醉剂,麻醉药,异氟烷是一种吸入全麻药，为无色透明挥发性液体，对黏膜无刺激性。能抑制心肌及血管运动中枢，对神经节具有阻滞作用，对呼吸也有抑制作用，麻醉时无交感神经系统兴奋现象。异氟烷用于全身麻醉的诱导和维持，也可酌情选用于分娩麻醉及颈部手术麻醉等。
PA449461,enflurane,安氟醚,吸入性,全身性麻醉剂,麻醉药,安氟醚作用比乙醚弱，一般用于复合全身麻醉，可与多种静脉全身麻醉药和全身麻醉辅助用药联用或合用。不良反应：1.术后有恶心症状，少数病人全麻后会出现后遗性中枢神经兴奋。在脑电图上偶见癫痫样波。2.可导致严重的呼吸抑制。呼吸频率基本保持不变或略有加快，但潮气量减少，以致降低了每分钟通气量。
PA164749136,desflurane,地氟烷,吸入性,全身性麻醉剂,麻醉药,地氟烷，别名去氟烷、优宁、地氟醚。是一种含氟吸入麻醉药，为异氟烷的氟代氯化合物。因对心、肝、肾功能影响小，适宜于心脏手术及严重肝肾功能障碍病人，适用于门诊及一些特殊类型的手术。麻醉的诱导及苏醒均快，易于调节麻醉深度。适应征为全身麻醉。成人全麻的诱导和维持，小儿全麻的维持。
PA449845,halothane,氟烷,吸入性,全身性麻醉剂,麻醉药,氟烷，为无色、易流动的重质液体；有类似氯仿的香气。作为一种吸入麻醉药，本品的特点是作用强而快、诱导期短、停药后苏醒性、对呼吸道粘膜无刺激性。但本品有较强的抑制心脏的作用，而镇痛和肌松作用较弱，且易引起呼吸抑制。临床主要用于大手术的全麻和诱导麻醉。 
PA450434,methoxyflurane,甲氧氟烷,吸入性,全身性麻醉剂,麻醉药,甲氧氟烷为强效吸入麻醉剂，镇痛及肌肉松弛作用均较氟烷强，作用持续时间也较长。诱导和苏醒较氟烷慢，比乙醚快。对呼吸道刺激性小。吸入量视手术需要而定。诱导麻醉用3%浓度，维持麻醉用0.5% 浓度。通入氧气促其挥发。为较新的全身吸入麻醉剂。在已知的吸入全麻药中，其全麻效能最强，并有明显的肌松作用。现多用于浅全麻。
PA451341,sevoflurane,七氟烷,吸入性,全身性麻醉剂,麻醉药,七氟烷，别名七氟醚，是一种高效含氟吸入麻醉剂，为无色澄清液体，诱导时间比恩氟烷和氟烷短。无刺激性气味，而且迅速苏醒，故易调节麻醉深度。麻醉中，其镇痛作用、肌肉松弛作用强度与恩氟烷和氟烷相同，但呼吸抑制作用较氟烷轻，很少出现心律失常。
PA451141,propofol,异丙酚,吸入性,全身性麻醉剂,麻醉药,异丙酚，又叫丙泊酚，propofol，是一种快速强效的全身麻醉剂，其临床特点是起效快，持续时间短，苏醒迅速而平稳，不良反应少，该药已广泛应用于临床各科麻醉及重症病人镇静。全身麻醉的诱导和维持，常与脊髓麻醉和硬脊膜外麻醉同时应用。并和通常的麻醉前给药如神经肌肉阻滞药，吸入麻醉药以及镇痛药同用，未见配伍禁忌
PA449515,etanercept,依那西普,,TNF-α受体抗体融合蛋白 ,免疫抑制药物,依那西普，商品名恩利，通用名为注射用依那西普，呈白色冻干粉，溶剂为澄清、无色液体。适应症为类风湿关节炎、强直性脊柱炎。依那西普是细胞表面肿瘤坏死因子受体的竞争性抑制剂，可以抑制TNF的生物活性，从而阻断肿瘤坏死因子介导的细胞反应。其不良反应有局部肿胀、感染、心力衰竭、胰腺炎等。
PA452639,infliximab,英夫利昔单抗,,单克隆抗体,免疫抑制药物,"英夫利昔单抗，商品名类克，为抗风湿、抑制甲型肿瘤坏死因子的药物。通过识别、结合并阻断患者体内肿瘤坏死因子α，降低肿瘤坏死因子α引起的炎症反应，进而缓解症状，并抑制关节组织损害和骨侵蚀。主要用于克罗恩病, 类风湿关节炎, 强直性脊柱炎，牛皮癣关节炎和溃疡性结肠炎。心脏衰竭的患者慎用。"
PA165292659,tocilizumab,托珠单抗,,单克隆抗体,免疫抑制药物,托珠单抗，商品名称为雅美罗，是治疗类风湿性关节炎的药物。通过DNA重组技术制得，属于人源化抗白细胞介素-6（IL-6）的单克隆抗体，为澄清至半透明的无色，或淡黄色液体。最早被批准用于治疗α肿瘤坏死因子拮抗剂治疗不佳的中度至严重性类风湿性关节炎的成年患者，托珠单抗可与甲氨蝶呤联用。不良反应有感染、胃肠道疾病、皮疹等。
PA450192,leflunomide,来氟米特,异噁唑类,抗代谢物,免疫抑制药物,来氟米特是一个具有抗增殖活性的异唑类免疫调节剂，其作用机理主要是抑制二氢乳清酸脱氢酶的活性，从而影响活化淋巴细胞的嘧啶合成。体内外试验表明来氟米特具有抗炎作用，体内活性主要通过其活性代谢产物而产生。可用于治疗成人活动性类风湿关节炎。
PA448515,azathioprine,硫唑嘌呤,,抗代谢物,免疫抑制药物,硫唑嘌呤是6-巯基嘌呤的咪唑衍生物，为具有免疫抑制作用的抗代谢剂。可产生烷基化作用阻断SH组群，抑制核酸的生物合成，防止细胞的增生，并可引起DNA的损害。动物实验证实，本药可使胸腺、脾内DNA、RNA减少，影响DNA、RNA，以及蛋白质的合成，主要抑制T-淋巴细胞而影响免疫，所以可抑制迟发过敏反应，器官移植的排斥反应。
PA164748728,mycophenolic acid,霉酚酸,,抗代谢物,免疫抑制药物,霉酚酸，又名麦可酚酸，是一种免疫抑制剂，它可以抑制T细胞和B细胞生长所需的酶，从而达到预防器官移植后出现的排斥反应的目的。其衍生物霉酚酸酯可用于预防成人器官移植排斥和两岁以上儿童肾移植排斥反应；而霉酚酸钠则用于预防成人肾移植排斥反应。霉酚酸钠也用于预防两岁以上儿童肝、心脏、肺移植后的排斥反应。
PA450566,mycophenolate mofetil,霉酚酸酯,,抗代谢物,免疫抑制药物,霉酚酸酯（MMF）是霉酚酸（MPA）的酯类衍生物，具有独特的免疫抑制作用和较高的安全性。MMF口服后在体内迅速水解为活性代谢产物MPA，MPA通过抑制嘌呤核苷酸从头合成途径的关键限速酶—次黄嘌呤核苷磷酸脱氢酶，使鸟嘌呤核苷酸的合成减少，因而能选择性抑制T、B淋巴细胞的增殖和功能。MMF能抑制EB病毒诱导的B淋巴细胞增殖，降低淋巴瘤的发生。
PA449167,cyclosporine,环孢霉素,,微生物酵解产物,免疫抑制药物,环孢霉素主要用于肝、肾以及心脏移植的抗排异反应，可与肾上腺皮质激素同用，也可用于一些免疫性疾病的治疗。酮哌恶咪唑能抑制环孢霉素的代谢，使血药浓度升高。苯妥英、苯巴比妥、利福平能通过药酶诱导作用，使血药浓度下降。红霉素、甲腈咪胺能通过药酶抑制作用，使血药浓度升高。
PA451578,tacrolimus,他克莫司,,大环内酯类抗生素,免疫抑制药物,他克莫司通过与细胞性蛋白质（FKBP12）相结合，在细胞内蓄积产生效用。FKBP12-他克莫司复合物会专一性地结合以及抑制钙依赖磷酸酶，从而抑制T细胞中钙离子依赖型讯息的传导，防止不连续性淋巴因子基因的转录。他克莫司软膏的临床应用已证明，它对一些炎症性和免疫性皮肤病有良好的疗效，其疗效与中等强度的糖皮质激素相似，局部不良反应少。
PA451365,sirolimus,西罗莫司,,大环内酯类免疫抑制剂,免疫抑制药物,西罗莫司，也称雷帕霉素，为白色固体结晶，为片剂或口服液。是新型大环内酯的抗排斥药物，属于强效免疫抑制剂，临床上用于器官移植的抗排斥反应和自身免疫性疾病的治疗。作用机制可能是通过阻断白细胞介素-2启动T细胞增殖，进而选择性抑制T细胞，用于抗移植排斥反应。其肾毒性较低，无神经毒性。
PA164713366,Tumor necrosis factor alpha (TNF-alpha) inhibitors,肿瘤坏死因子-α抑制剂,,,免疫抑制药物,肿瘤坏死因子（TNF）是一种由巨噬细胞产生的细胞因子，过量的TNF是体内引起炎症，并导致免疫系统疾病的物质。肿瘤坏死因子α抑制剂通过阻碍肿瘤坏死因子活动从而抑制免疫系统，用于治疗类风湿性关节炎、节段性肠炎、克罗恩病，及强直性脊柱炎等。其不良反应有恶性肿瘤，细菌、病毒和真菌引发的感染，药物的免疫反应，皮肤过敏等。
PA450588,naltrexone,纳曲酮,,阿片受体桔抗剂,其他,纳曲酮是阿片受体纯拮抗剂，对μ-，δ-，κ-阿片受体均有阻断作用。它能阻断再吸毒品时的效应，从而减弱正性强化作用和负性强化作用，在防止重复吸毒中起到良好的辅助作用。其药效学与纳洛酮的作用相似，能明显的减弱或完全阻断阿片受体，甚至反转由静脉注射阿片类药物所产生的作用。能解除其对阿片的身体依赖性，使已戒断阿片瘾者保持正常生活。本品口服有效，而且作用维持时间较长，不产生躯体或精神依赖性。
PA164712563,Bisphosphonates,二磷酸盐,骨吸收抑制药,抗骨质疏松药,其他,二磷酸盐是抗代谢性骨病的一类新药，主要用于骨质疏松症，以及由多发性骨髓瘤、乳腺癌、前列腺癌及肺癌等恶性肿瘤骨转移引起的骨代谢异常所致的高钙血症，减少骨病、骨痛和骨折的发生率，并能减轻高钙血症并发的恶心、呕吐、多尿症、口渴及中枢神经症状，改善患者的生活质量，也可用于防治变形性骨炎。多项针对绝经期妇女的研究显示，二磷酸盐可有效增加骨密度，并降低脊柱、非脊柱及髋部骨质疏松性骨折的风险。
PA450767,pamidronate,帕米膦酸盐,骨吸收抑制药,抗骨质疏松药,其他,帕米膦酸，商品名有博宁、乐安欣，为抗肿瘤药物。能高效抑制破骨细胞活性，抑制破骨细胞前体成熟，使用后可减少止痛药用量。适用于恶性肿瘤并发的高钙血症，和溶骨性癌转移引起的骨痛。老年患者宜适当减少用量，哺乳期妇女慎用。
PA450731,oxazepam,奥沙西泮,苯二氮卓类,抗焦虑药物,其他,奥沙西泮为地西泮的主要活性代谢产物。为短效苯二氮卓类药物，与地西泮有相似的药理作用，对肝功能的影响较小，因而更适用于老年或伴有肝脏疾病的患者。适用于1.焦虑症及焦虑症相关的失眠给予短期治疗。2.用于控制乙醇戒断症状。
PA164748726,entacapone,恩他卡朋,儿茶酚胺氧位甲基转移酶(COMT)抑制剂,抗帕金森病药,其他,"恩他卡朋为新一代COMT（儿茶酚-O-甲基转移酶）抑制剂，是选择性强、毒性小、口服仍有活性的高效COMT抑制剂。用于帕金森病的治疗，能有效抑制左旋多巴的O-甲基化，,增加左旋多巴在中枢的生物利用度，减少其用量及服药次数，并改善左旋多巴长期治疗引起的运动波动，病人耐受性良好，但作用时间较短（2h）。本品可作为标准药物左旋多巴/苄丝肼或左旋多巴/卡比多巴的辅助用药，用于治疗以上药物不能控制的帕金森病。"
PA451566,sumatriptan,舒马曲坦,选择性5-羟色胺受体激动剂,抗偏头痛药,其他,舒马曲坦，别名舒马普坦，英明格，为抗偏头痛新药，是高度选择性5-羟色胺受体（5-HT）激动剂，逆转偏头痛时颅内血管扩张，减轻血浆蛋白外渗，从而改善脑血流量，缓解偏头痛的症状。主要适用症为偏头痛急性发作（无论有无发作先兆症状）的治疗。常见不良反应有急性心肌梗塞、脑出血、和高血压等。儿童、老年人、和孕妇慎用。
PA449381,dobutamine,多巴酚丁胺,拟交感神经药物,抗心功能不全药物,其他,多巴酚丁胺在临床用于治疗器质性心脏病心肌收缩力下降引起的心力衰竭、心肌梗塞所致的心源性休克及术后低血压。包括心脏直视手术后所致的低排血量综合征，作为短期支持治疗。多巴酚丁胺治疗心力衰竭尤其是慢性心力衰竭疗效比多巴胺好。其正性肌力作用远比洋地黄强。对各种难治性或顽固性心力衰竭短程应用多巴酚丁胺和硝普钠进行治疗数日，常可取得明显疗效。用药期间应监测心电图、血压、心排血量等。
PA449319,digoxin,地高辛,强心苷类药,抗心功能不全药物,其他,地高辛是中效强心苷类药物，在治疗时，对心脏的作用表现为正性肌力作用，是直接作用，而不是通过神经机制实现的。增强心肌收缩力，改善泵功能，减慢心率，抑制心肌传导系统，使心搏出量、输出量增加，改善肺循环及体循环。使扩大的心脏缩小，但不能改善心肌舒张功能。
PA133822447,catecholamines,儿茶酚胺,,抗休克,其他,儿茶酚胺是一种含有儿茶酚和胺基的神经类物质。儿茶酚和胺基通过L-酪氨酸在交感神经、肾上腺髓质和嗜铬细胞位置的酶化步骤结合。通常，儿茶酚胺是指去甲肾上腺素（NA）、肾上腺素（Adr）和多巴胺（DA。适应症：休克，神经源性、心源性、感染性休克的早期常用多巴胺，以增强心肌收缩力和扩张外周血管改善微循环，对过敏性休克常用肾上腺素；胃出血，用儿茶酚胺1-3毫克适当稀释后口服，在胃内因局部作用收缩胃黏膜血管而产生止血效果.。
PA451140,propionic acid derivatives,丙酸类衍生物,非甾体类,抗炎药,其他,丙酸类衍生物为非选择性COX抑制剂。作用强大，抗炎作用突出，各药除效价存在差别外，其他药理学性质非常相似。其中萘普生的效价强度为阿司匹林的20倍，布洛芬和非诺洛芬的效价强度与阿司匹林相当。但胃肠反应发生率低于阿司匹林患者服用本类药物的耐受性明显优于阿司匹林和吲哚类NSAIDs。临床主要用于风湿性关节炎，骨关节炎，强直性关节炎，急性肌腱炎，滑液囊炎等，也可用于痛经的治疗。此类药物竞争血浆蛋白的结合位点，但并不影响口服降糖药和华法林的作用。由于此类药物影响血小板功能，因此与华法林合用时，须调整剂量。
PA164712462,"Antiinflammatory agents, non-steroids",非甾体抗炎药,非甾体类,抗炎药,其他,非甾体抗炎药（NSAIDs）是一类不含有甾体结构的抗炎药，该类药物具有抗炎、抗风湿、止痛、退热和抗凝血等作用，在临床上广泛用于骨关节炎、类风湿性关节炎、多种发热和各种疼痛症状的缓解。NSAIDs化学结构不同，但都通过抑制前列腺素的合成，发挥其解热、镇痛、消炎作用。
PA451262,rivastigmine,卡巴拉汀,乙酰胆碱酯酶抑制药,脑功能改善及抗记忆障碍,其他,卡巴拉汀（rivastigmine）又名利凡斯的明，属第二代中枢AChE抑制药，对大脑皮层和海马的AChE就选择性抑制作用，而对纹状体和心脏的AChE几无影响，尚可减慢淀粉样蛋白前体（APP）的形成。临床用于轻、中度阿尔兹海默症，改善认知功能障碍，提高记忆力、注意力和方位感。主要不良反应有恶心、呕吐、乏力、眩晕、精神错乱、嗜睡、腹痛和腹泻等，继续用药或减量一般可消失。
PA164774763,latanoprost,拉坦前列素,,前列腺素类似物,其他,拉坦前列素是一种新型苯基替代的丙基酯前列素F2a，为选择性F2a受体激动剂。它是一种无活性但能迅速渗透到角膜里的物质，在角膜和血浆中可水解为具有活性的游离酸。它能增加房水通过眼角素层的流出量，用药量小，但促进房水充出量大，药液能渗透到眼球上睫脉络膜上层，具有良好降眼压效果。
PA449376,disulfiram,戒酒硫,,秋兰姆的衍生物,其他,戒酒硫是秋兰姆的衍生物，又称双硫醒，能抑制乙醛脱氢酶的活性，是一种阻断酒精氧化代谢的药物，能造成乙醛在体内聚积。病人如在服药期间饮酒，可产生乙醛引起的恶心、头痛、焦虑、胸闷和心率加快等。使用戒酒硫是行为疗法中常采用的一种手段，能促使病人建立对饮酒的厌恶反射。戒酒硫适用于成年人，无精神病史且自觉戒酒者，更宜作为脱瘾后进入专门康复项目之前的一项措施 
PA152432599,itopride,伊托必利,,胃肠促动力药,其他,伊托必利具多巴胺D2受体阻滞和乙酰胆碱酯酶抑制的双重作用，通过刺激内源性乙酰胆碱释放并抑制其水解而增强胃与十二指肠运动，促进胃排空，并具有中度镇吐作用。与抗胆碱药，具有肌肉松弛作用的药物（地西泮类，氯唑沙宗片等）合用，可相互抵消作用。
PA449390,dolasetron,多拉司琼,选择性5-羟色胺受体拮抗剂,止吐药,其他,多拉司琼是一种选择性5-羟色胺（5-HT1）受体拮抗剂，作用类似于昂丹司琼和格拉司琼。多拉司琼口服和静注用于防治癌症化疗引起的恶心或呕吐。多拉司琼对其他5-HT受体，α-或β-肾上腺素能受体、多巴胺D2受体、毒蕈碱受体无显著的亲和力和钙拮抗活性。5-HT3拮抗联用地塞米松或其他皮质激素对预防癌症化疗引起的急性呕吐是最有效的治疗方案。美国FDA建议多拉司琼也可用于预防和治疗术后恶心和呕吐。
PA449809,granisetron,格拉司琼,选择性5-羟色胺受体拮抗剂,止吐药,其他,格拉司琼是一种高选择性的5-HT3受体拮抗剂，对因放疗、化疗及手术引起的恶心和呕吐具有良好的预防和治疗作用。放疗、化疗及外科手术等因素可引起肠嗜铬细胞释放5-HT，5-HT可激活中枢或迷走神经的5-HT3受体而引起呕吐反射。本品控制恶心和呕吐的机理，是通过拮抗中枢化学感受区及外周迷走神经末梢的5-HT3受体，从而抑制恶心、呕吐的发生。本品选择性高，无锥体外系反应、过度镇静等副作用。
PA448710,caffeine,咖啡因,黄嘌呤生物碱化合物,中枢神经兴奋剂,其他,咖啡因是一种黄嘌呤生物碱化合物，是一种中枢神经兴奋剂，能够暂时的驱走睡意并恢复精力，咖啡因在临床上用于严重传染病或中枢抑制药中毒等所引起的昏睡、呼吸循环衰竭，并作为阿司匹林的重要成分治疗头痛，咖啡因还与麦角制剂配伍使用，可治疗偏头痛。普遍认为，治疗量不良反应少；超剂量使用咖啡因可引起激动、不安、失眠、心悸、头痛、肌肉颤抖，以及心动过速、期前收缩等心律失常；大剂量中毒可产生惊厥。
PA450464,methylphenidate,哌醋甲酯,,中枢神经兴奋剂,其他,哌醋甲酯，别名利他林，为中枢兴奋药，可直接兴奋延脑呼吸中枢，作用较温和。适用于呼吸衰竭，和各种原因引起的呼吸抑制。儿童长期服用可产生食欲减退，偶见腹痛、心动过速和过敏。
PA166114414,cotinine,可替宁,,,其他,可替宁是尼古丁在人体内进行初级代谢后的主要产物——烟草中的尼古丁在体内经细胞色素氧化酶2A6（CYP2A6）代谢后的产物，主要存在于血液中，随着代谢过程从尿液排出。可替宁有促进神经系统兴奋作用，并在某些鼠类试验中反映出一定的抗炎、减轻肺水肿程度的作用。由于可替宁的半衰期较长（3~4d）且较稳定，因此成为测量吸烟者和被动吸烟者吸烟量的主要生物标志，一般情况下，多以血清中的可替宁浓度来评价。近期有研究成果显示，血浆中的可替宁浓度与血清中的可替宁浓度具有一致性，同样具有检测意义。
PA448320,allopurinol,别嘌呤醇,黄嘌呤氧化酶抑制剂,抗痛风药,其他,别嘌呤醇，是一种结构上环绕于黄嘌呤的化合物，对黄嘌呤氧化酶有很强的抑制作用。别嘌呤醇及其代谢产物氧嘌呤醇通过抑制黄嘌呤氧化酶的活性，使尿酸生成减少，血中及尿中的尿酸含量降低到溶解度以下的水平，从而防止尿酸结石的沉积，有助于痛风结节及尿酸结晶的重新溶解。临床上主要将别嘌呤醇用于治疗原发性和继发性高尿酸血症以及慢性痛风，近来许多研究表明别嘌呤醇也可以应用于心力衰竭的治疗。
